timeStamp,Price,Open,High,Low,Vol.,Change %
23-Sep-21,18,18.5,18.5,18,6.68K,-2.70%
22-Sep-21,18.5,18.5,18.5,18.5,7.16K,0.00%
21-Sep-21,18.5,17.6,18.5,17.6,6.37K,5.71%
17-Sep-21,17.5,18,18,17.5,2.90K,-2.78%
16-Sep-21,18,18.2,18.2,18,2.16K,1.12%
15-Sep-21,17.8,17.5,18.1,17.5,0.55K,1.71%
13-Sep-21,17.5,17.9,18,17,1.63K,-2.78%
10-Sep-21,18,18,18,18,0.30K,-1.64%
9-Sep-21,18.3,18,18.3,17.9,2.19K,1.67%
8-Sep-21,18,18.2,18.2,18,2.20K,-1.10%
7-Sep-21,18.2,18.7,19,17.7,25.85K,-4.21%
6-Sep-21,19,18,19,17.5,3.85K,0.00%
3-Sep-21,19,17.5,19,17.5,11.58K,5.56%
2-Sep-21,18,17.7,18,17.5,3.77K,0.00%
1-Sep-21,18,18,18,18,3.16K,1.69%
31-Aug-21,17.7,18.4,18.4,17.7,15.56K,-1.12%
30-Aug-21,17.9,18,18.8,17.5,8.99K,-2.19%
27-Aug-21,18.3,18.5,18.5,17.9,0.78K,1.67%
26-Aug-21,18,18.1,19.4,18,7.25K,0.00%
25-Aug-21,18,18,19.6,18,7.24K,0.56%
24-Aug-21,17.9,18,18.6,17.8,2.87K,0.56%
23-Aug-21,17.8,18.7,18.7,16,27.76K,-3.26%
20-Aug-21,18.4,18,18.4,17.9,0.54K,2.22%
19-Aug-21,18,18.3,18.7,17.9,3.71K,-1.10%
18-Aug-21,18.2,18.5,18.5,18,0.66K,1.68%
17-Aug-21,17.9,19.6,19.6,17.9,22.83K,-9.14%
16-Aug-21,19.7,18,20.5,18,8.10K,9.44%
13-Aug-21,18,18.5,18.5,17.9,2.19K,0.00%
12-Aug-21,18,18.7,19,17.9,9.68K,-3.74%
11-Aug-21,18.7,18.6,19,18,11.73K,-3.11%
10-Aug-21,19.3,18.5,19.4,18.2,1.98K,7.22%
9-Aug-21,18,18.7,18.7,18,7.80K,-3.23%
6-Aug-21,18.6,18.5,18.6,18.5,0.24K,0.00%
5-Aug-21,18.6,18.9,19,18.5,2.62K,-0.53%
4-Aug-21,18.7,18.6,19,18.6,3.76K,0.00%
3-Aug-21,18.7,18.7,19.1,18.6,5.32K,0.00%
2-Aug-21,18.7,20,20,18.7,2.08K,-4.10%
30-Jul-21,19.5,19.5,21.4,19.4,73.02K,4.84%
29-Jul-21,18.6,18.6,18.6,18.6,4.10K,0.54%
28-Jul-21,18.5,18.7,19.4,18.5,8.90K,-1.07%
27-Jul-21,18.7,19.1,19.1,18.7,4.13K,-4.59%
26-Jul-21,19.6,19.2,19.6,19,1.61K,3.16%
22-Jul-21,19,19.6,19.7,19,2.11K,-3.06%
20-Jul-21,19.6,19,19.6,19,0.20K,3.16%
19-Jul-21,19,19.6,19.6,19,0.71K,-3.06%
16-Jul-21,19.6,19.5,19.6,19.5,3.23K,0.51%
15-Jul-21,19.5,19,19.6,19,5.48K,2.63%
14-Jul-21,19,19,19,19,0.16K,1.60%
12-Jul-21,18.7,18.8,18.8,18.6,0.36K,1.08%
8-Jul-21,18.5,19,19.1,18.5,2.71K,-5.61%
7-Jul-21,19.6,21.2,21.2,18.8,16.59K,-8.84%
6-Jul-21,21.5,18.4,21.5,17.9,20.63K,20.11%
5-Jul-21,17.9,17.9,17.9,17.9,0.01K,0.56%
2-Jul-21,17.8,17.9,17.9,17.8,1.00K,-0.56%
30-Jun-21,17.9,18.1,18.1,17.9,2.93K,-0.56%
29-Jun-21,18,18.1,18.1,18,2.44K,-0.55%
28-Jun-21,18.1,18.5,18.5,18.1,0.79K,-1.63%
25-Jun-21,18.4,18.4,18.4,18.4,0.10K,0.00%
23-Jun-21,18.4,18.1,18.4,18.1,0.10K,-0.54%
22-Jun-21,18.5,18.9,18.9,18,1.85K,1.65%
21-Jun-21,18.2,18.2,18.2,18.2,0.04K,-1.62%
18-Jun-21,18.5,18.5,18.6,18.5,1.08K,2.78%
17-Jun-21,18,18,18.4,18,1.11K,-2.17%
16-Jun-21,18.4,18.5,18.5,18,1.24K,2.22%
15-Jun-21,18,18.9,18.9,18,6.03K,-1.10%
14-Jun-21,18.2,18.5,18.5,18.2,1.50K,-0.55%
11-Jun-21,18.3,18.3,18.3,18.3,1.27K,1.67%
10-Jun-21,18,18.9,18.9,17.9,4.47K,-0.55%
9-Jun-21,18.1,18.2,18.5,18.1,3.61K,0.00%
8-Jun-21,18.1,18.1,18.1,18.1,0.00K,0.00%
7-Jun-21,18.1,18.9,18.9,18.1,0.20K,-4.23%
4-Jun-21,18.9,18.4,18.9,18.4,0.15K,2.72%
3-Jun-21,18.4,18.5,18.5,18.4,3.48K,-0.54%
2-Jun-21,18.5,18,18.5,18,0.90K,0.00%
1-Jun-21,18.5,18,18.5,18,4.97K,0.00%
31-May-21,18.5,18.5,18.5,18.5,0.00K,0.00%
28-May-21,18.5,18.5,18.5,18.5,0.33K,0.54%
25-May-21,18.4,18.5,18.5,18.4,0.38K,2.22%
24-May-21,18,18.5,18.5,17.2,0.89K,-2.70%
21-May-21,18.5,18.5,18.5,18.5,0.10K,0.00%
20-May-21,18.5,17.9,18.5,17.9,0.40K,0.00%
19-May-21,18.5,17.9,18.5,17.9,0.25K,3.35%
18-May-21,17.9,18.5,18.9,17,5.02K,-5.29%
17-May-21,18.9,18.9,18.9,18.9,0.00K,0.00%
13-May-21,18.9,18.9,18.9,18.9,0.02K,2.16%
12-May-21,18.5,18.5,18.5,18.5,0.20K,-1.60%
11-May-21,18.8,19,19,18,0.81K,-1.05%
10-May-21,19,19,19,19,0.10K,0.00%
7-May-21,19,18.4,19,18,4.36K,0.00%
6-May-21,19,18.5,19,18.5,0.09K,-1.04%
5-May-21,19.2,19.3,19.3,18.3,2.04K,1.05%
4-May-21,19,19,19.3,18.9,1.36K,0.53%
3-May-21,18.9,18.3,19.5,18.1,2.12K,-5.03%
30-Apr-21,19.9,19.9,19.9,18.5,0.20K,-1.00%
29-Apr-21,20.1,20.2,20.2,18.3,0.06K,-1.95%
28-Apr-21,20.5,18.1,20.8,18,5.46K,13.26%
27-Apr-21,18.1,18.7,18.7,18.1,2.51K,-2.69%
23-Apr-21,18.6,19,21,18.6,2.31K,-2.11%
22-Apr-21,19,19.3,19.3,19,11.16K,-1.04%
21-Apr-21,19.2,19.2,19.2,19.1,0.02K,-0.52%
20-Apr-21,19.3,19.3,19.3,19.3,0.01K,1.58%
19-Apr-21,19,19,19,19,1.90K,-0.52%
16-Apr-21,19.1,19,19.2,19,1.31K,-1.04%
15-Apr-21,19.3,19.2,19.3,19.1,0.65K,0.00%
12-Apr-21,19.3,19.4,19.4,19.3,0.10K,3.76%
9-Apr-21,18.6,18.9,19,18.5,0.81K,-2.62%
8-Apr-21,19.1,19.1,19.1,19.1,0.00K,0.53%
7-Apr-21,19,19.3,19.3,19,0.18K,0.00%
6-Apr-21,19,18.5,19.4,18.5,0.83K,0.00%
5-Apr-21,19,18.5,19,18.2,0.39K,0.00%
1-Apr-21,19,19,19,19,0.00K,1.60%
31-Mar-21,18.7,18.7,18.7,18.7,0.10K,3.89%
30-Mar-21,18,18,18.9,17.6,7.10K,-5.26%
29-Mar-21,19,18.2,19.5,18.2,0.16K,4.97%
26-Mar-21,18.1,18,19.8,18,0.53K,-2.69%
25-Mar-21,18.6,19.7,19.7,18.6,0.42K,-3.63%
24-Mar-21,19.3,18.5,19.7,18.5,7.09K,7.22%
23-Mar-21,18,18,18,18,1.18K,-2.70%
22-Mar-21,18.5,18.5,18.5,18.5,0.17K,3.93%
19-Mar-21,17.8,18.5,18.5,17.8,1.53K,-3.78%
17-Mar-21,18.5,18.6,18.6,18.5,0.35K,0.00%
16-Mar-21,18.5,19.5,19.5,18.5,6.08K,0.00%
15-Mar-21,18.5,18.5,18.8,18.5,19.61K,-7.04%
12-Mar-21,19.9,18.8,20,18.8,0.32K,4.74%
9-Mar-21,19,19,19,19,0.10K,1.06%
8-Mar-21,18.8,18.8,18.8,18.8,0.04K,0.00%
5-Mar-21,18.8,19,19,18.8,4.60K,0.00%
4-Mar-21,18.8,18.8,18.8,18.8,1.48K,-5.05%
3-Mar-21,19.8,19.8,19.8,19.8,0.20K,-1.00%
1-Mar-21,20,20,20,20,0.10K,5.26%
25-Feb-21,19,19,19,19,23.17K,0.00%
24-Feb-21,19,19,19,19,2.00K,0.00%
23-Feb-21,19,19.5,19.6,19,1.14K,-2.06%
22-Feb-21,19.4,19.1,19.5,19.1,1.05K,-2.51%
19-Feb-21,19.9,19.9,19.9,18.7,0.18K,0.00%
18-Feb-21,19.9,21,21,19.9,1.11K,6.99%
17-Feb-21,18.6,18.4,18.6,18.4,1.10K,0.54%
16-Feb-21,18.5,18.6,18.6,18.5,2.30K,-1.60%
15-Feb-21,18.8,18.9,18.9,18.8,0.40K,-0.53%
12-Feb-21,18.9,18.9,19.2,18.6,4.17K,2.72%
11-Feb-21,18.4,18.2,19,18.2,0.78K,1.10%
10-Feb-21,18.2,18.9,19.1,18.2,37.72K,-3.70%
9-Feb-21,18.9,19,19.1,18,11.82K,-5.50%
8-Feb-21,20,18.6,20,18.6,3.87K,3.63%
5-Feb-21,19.3,19.5,19.5,19,4.33K,0.00%
3-Feb-21,19.3,19.6,19.6,18,13.81K,3.76%
2-Feb-21,18.6,19.8,19.8,18.5,2.82K,-6.06%
1-Feb-21,19.8,20.5,20.5,19.8,13.43K,-3.88%
29-Jan-21,20.6,21,21,20.6,1.50K,-2.37%
27-Jan-21,21.1,21.2,21.9,21,3.85K,-0.47%
26-Jan-21,21.2,21.5,22.2,21.2,1.47K,0.95%
25-Jan-21,21,22,22.1,21,2.66K,-4.55%
22-Jan-21,22,20.8,22,20.6,10.36K,3.77%
21-Jan-21,21.2,20.7,21.5,20.6,3.83K,2.42%
20-Jan-21,20.7,20.6,20.7,20.6,3.28K,0.49%
19-Jan-21,20.6,21.5,21.5,20.5,8.57K,-4.19%
18-Jan-21,21.5,21.5,22,21,4.12K,1.42%
15-Jan-21,21.2,21.2,22,21.2,2.79K,0.47%
13-Jan-21,21.1,21,22,20.9,3.50K,0.48%
12-Jan-21,21,21.5,22.9,21,11.50K,0.00%
11-Jan-21,21,20.7,24,20.6,7.46K,1.94%
8-Jan-21,20.6,23,23,20.6,1.79K,-1.90%
7-Jan-21,21,21.4,21.4,21,0.51K,-1.87%
6-Jan-21,21.4,21.5,21.6,21.4,2.51K,4.39%
5-Jan-21,20.5,21,22,20.5,10.62K,-2.38%
4-Jan-21,21,21,21,21,0.01K,-2.33%
31-Dec-20,21.5,20.2,21.5,20.2,17.63K,4.37%
30-Dec-20,20.6,20.3,20.7,20.3,7.52K,1.98%
28-Dec-20,20.2,20.6,20.6,20.2,1.38K,-1.46%
24-Dec-20,20.5,20.4,20.5,20.4,25.10K,0.49%
23-Dec-20,20.4,20.4,20.4,20.4,0.50K,-1.45%
22-Dec-20,20.7,20.6,20.7,20.4,3.31K,-0.96%
21-Dec-20,20.9,21.5,21.5,20.3,8.45K,1.95%
18-Dec-20,20.5,21,21,20.1,1.83K,-2.38%
17-Dec-20,21,21,21,21,0.14K,0.96%
16-Dec-20,20.8,21.3,21.3,20.8,3.08K,-1.89%
15-Dec-20,21.2,21.5,21.5,21.2,0.75K,0.00%
14-Dec-20,21.2,21.2,21.2,21,3.04K,-1.85%
11-Dec-20,21.6,21.5,21.6,21,3.00K,1.89%
10-Dec-20,21.2,21.5,21.5,20.9,1.97K,1.44%
9-Dec-20,20.9,20.9,23,20.9,5.10K,-0.95%
8-Dec-20,21.1,19.6,21.1,19.6,3.76K,2.43%
7-Dec-20,20.6,20.5,20.6,19.7,3.90K,0.49%
4-Dec-20,20.5,19.6,20.5,19.5,11.80K,4.59%
3-Dec-20,19.6,19.7,19.7,19.6,0.98K,-0.51%
2-Dec-20,19.7,19.7,19.8,19.7,0.44K,1.03%
1-Dec-20,19.5,19.4,19.8,19.4,0.23K,1.04%
30-Nov-20,19.3,19.8,19.8,19.3,2.60K,0.52%
27-Nov-20,19.2,19.1,19.2,19,1.10K,-3.52%
26-Nov-20,19.9,19.9,19.9,19.9,0.12K,4.19%
25-Nov-20,19.1,19.3,19.3,19.1,3.42K,-1.55%
24-Nov-20,19.4,19.4,20,19.4,0.63K,-0.51%
23-Nov-20,19.5,19.5,19.5,19.5,3.00K,0.00%
20-Nov-20,19.5,19.6,19.6,19.5,2.05K,0.00%
19-Nov-20,19.5,19.7,19.7,19.5,0.43K,-0.51%
16-Nov-20,19.6,19.7,21.9,19.5,9.31K,-2.00%
13-Nov-20,20,20,20,20,0.80K,-4.31%
11-Nov-20,20.9,21,22,20.7,3.10K,1.95%
10-Nov-20,20.5,19.5,20.5,19.5,0.38K,5.13%
9-Nov-20,19.5,19.5,19.5,19.5,0.12K,-0.51%
6-Nov-20,19.6,19.6,20,19.6,4.21K,0.00%
5-Nov-20,19.6,19.5,19.6,19.5,0.10K,0.51%
4-Nov-20,19.5,19.5,19.5,19.5,0.84K,0.00%
3-Nov-20,19.5,19.5,19.5,19.5,0.19K,1.04%
2-Nov-20,19.3,19.3,19.3,19.3,0.10K,-1.03%
29-Oct-20,19.5,18.8,19.5,18.8,0.15K,3.17%
28-Oct-20,18.9,18.9,18.9,18.9,0.02K,0.00%
27-Oct-20,18.9,18.9,18.9,18.6,0.13K,-0.53%
26-Oct-20,19,19,19,19,0.80K,-1.04%
23-Oct-20,19.2,19.5,19.5,19.2,0.43K,-2.54%
22-Oct-20,19.7,19,20,19,2.68K,1.03%
21-Oct-20,19.5,19.9,19.9,19.5,0.93K,-2.50%
20-Oct-20,20,20.2,20.2,19.9,0.30K,-0.99%
19-Oct-20,20.2,20.5,20.5,20.1,0.12K,0.50%
16-Oct-20,20.1,20.5,20.7,20.1,0.47K,-1.95%
15-Oct-20,20.5,20.2,20.5,20.2,0.04K,0.00%
14-Oct-20,20.5,20.7,20.7,20.2,11.26K,0.99%
13-Oct-20,20.3,20.5,21.4,20.3,13.12K,-0.98%
12-Oct-20,20.5,20.6,21.5,20.3,5.05K,-0.49%
9-Oct-20,20.6,20,20.7,20,3.64K,4.04%
8-Oct-20,19.8,20.7,20.7,19.8,2.23K,-1.00%
7-Oct-20,20,19.7,20,19.7,1.60K,2.56%
6-Oct-20,19.5,19.1,19.5,19.1,1.64K,-1.02%
5-Oct-20,19.7,20.2,20.2,19.7,0.41K,-2.96%
2-Oct-20,20.3,20.5,20.5,20.3,1.51K,-0.49%
30-Sep-20,20.4,20.4,20.5,20.1,1.19K,0.49%
29-Sep-20,20.3,20.3,20.3,20.2,4.67K,0.00%
28-Sep-20,20.3,20,20.5,20,0.72K,0.50%
24-Sep-20,20.2,20.3,20.3,20,0.21K,-0.49%
23-Sep-20,20.3,20.5,20.9,19,20.43K,-0.49%
22-Sep-20,20.4,19.7,20.4,19.7,6.27K,-0.49%
21-Sep-20,20.5,20.9,21,19,4.53K,-1.91%
18-Sep-20,20.9,20.6,21,20.6,1.89K,-0.48%
17-Sep-20,21,20.5,21,20.5,0.86K,-1.41%
16-Sep-20,21.3,20.6,21.3,20.5,0.90K,3.40%
15-Sep-20,20.6,20.3,20.6,20.3,1.87K,3.00%
14-Sep-20,20,21.3,21.4,19.5,2.69K,-2.91%
10-Sep-20,20.6,19.4,21.5,19,12.25K,5.64%
9-Sep-20,19.5,19.5,20.4,19,7.70K,2.09%
8-Sep-20,19.1,20,20.4,19,2.10K,-2.05%
7-Sep-20,19.5,20.1,20.1,19.5,0.23K,-2.50%
4-Sep-20,20,20,20,19.8,2.05K,4.17%
3-Sep-20,19.2,19.2,19.2,19.2,0.73K,-1.03%
2-Sep-20,19.4,19.5,19.5,19.4,0.26K,0.00%
31-Aug-20,19.4,19.4,19.4,19.2,1.67K,1.57%
28-Aug-20,19.1,19.5,19.6,19.1,1.34K,-3.05%
27-Aug-20,19.7,19.9,19.9,19.7,1.03K,-2.48%
26-Aug-20,20.2,20,20.2,20,0.37K,2.02%
25-Aug-20,19.8,19.7,19.9,19.5,2.46K,0.00%
24-Aug-20,19.8,20,20,19.4,0.40K,-1.98%
21-Aug-20,20.2,20.2,20.2,20.2,0.01K,-0.98%
20-Aug-20,20.4,20,20.4,20,0.35K,2.00%
19-Aug-20,20,19.6,20,19.6,0.05K,0.00%
18-Aug-20,20,20,20,20,0.10K,0.00%
14-Aug-20,20,21.1,21.1,20,0.18K,1.52%
13-Aug-20,19.7,21.1,21.1,19.6,2.49K,-6.19%
12-Aug-20,21,20.6,21.3,20.6,0.26K,5.00%
11-Aug-20,20,20,21,19.5,1.52K,0.00%
10-Aug-20,20,21.4,21.4,20,3.60K,-6.98%
6-Aug-20,21.5,20,21.5,20,2.65K,7.50%
5-Aug-20,20,20,20,20,0.04K,-6.98%
4-Aug-20,21.5,20,21.8,20,0.90K,5.91%
31-Jul-20,20.3,19.6,20.3,19.6,0.87K,6.28%
30-Jul-20,19.1,19.1,19.1,19,0.06K,-1.55%
28-Jul-20,19.4,19.5,20.3,19.4,0.02K,1.04%
27-Jul-20,19.2,19.5,19.5,19.2,0.16K,0.52%
24-Jul-20,19.1,18.6,19.1,18.6,0.10K,-1.04%
23-Jul-20,19.3,19.5,19.5,19,0.57K,-1.03%
22-Jul-20,19.5,19.5,19.5,19.5,0.18K,4.84%
20-Jul-20,18.6,18.6,18.6,18.6,0.20K,0.54%
17-Jul-20,18.5,18.4,18.5,18.4,0.56K,1.09%
15-Jul-20,18.3,18,18.9,18,0.12K,-6.15%
14-Jul-20,19.5,17.1,19.5,17.1,2.42K,5.41%
13-Jul-20,18.5,18.6,18.6,18.5,0.24K,2.21%
10-Jul-20,18.1,19.9,20,18.1,0.20K,-7.65%
8-Jul-20,19.6,20,20,19.6,0.50K,2.08%
7-Jul-20,19.2,20.5,21,19.2,2.20K,-8.13%
6-Jul-20,20.9,20.9,20.9,20.9,0.02K,0.00%
3-Jul-20,20.9,20.5,20.9,20.5,0.10K,0.00%
2-Jul-20,20.9,20.9,20.9,20.9,0.03K,0.48%
30-Jun-20,20.8,20,20.8,20,0.35K,6.67%
29-Jun-20,19.5,19.5,19.5,19.5,0.12K,-8.88%
26-Jun-20,21.4,21.8,21.8,19.1,0.03K,7.00%
25-Jun-20,20,19.5,20,19,5.09K,5.26%
23-Jun-20,19,19.5,19.5,19,10.07K,1.06%
22-Jun-20,18.8,18.9,19,18.8,8.31K,-0.53%
19-Jun-20,18.9,18.9,18.9,18.9,0.01K,-0.53%
16-Jun-20,19,19,19.5,19,1.40K,0.00%
15-Jun-20,19,19,19,19,0.03K,3.26%
12-Jun-20,18.4,18.1,18.5,18.1,1.68K,-3.16%
11-Jun-20,19,19,19,19,0.32K,2.70%
10-Jun-20,18.5,19,19,18.3,0.86K,-0.54%
9-Jun-20,18.6,18.8,18.8,18.6,0.27K,2.76%
4-Jun-20,18.1,18.5,18.5,18.1,2.76K,-4.23%
2-Jun-20,18.9,18.9,18.9,18.9,0.00K,-4.06%
29-May-20,19.7,19,19.7,19,3.49K,3.14%
28-May-20,19.1,19.6,19.6,19,3.23K,-2.55%
27-May-20,19.6,19.5,19.8,19.5,3.87K,3.16%
26-May-20,19,20,20,19,0.27K,-2.56%
22-May-20,19.5,19,19.5,19,30.49K,2.63%
21-May-20,19,16.5,19,16.5,4.87K,0.00%
19-May-20,19,16,19,15.1,6.20K,25.00%
14-May-20,15.2,15.2,15.2,15.2,0.08K,1.33%
13-May-20,15,18.1,18.1,15,0.10K,3.45%
11-May-20,14.5,14.5,14.5,14.5,0.20K,-23.68%
12-Mar-20,19,20.4,20.4,19,1.30K,-5.00%
10-Mar-20,20,21,21,20,29.16K,-2.44%
6-Mar-20,20.5,22.5,22.5,20.1,1.06K,-7.24%
28-Feb-20,22.1,24,24,22.1,0.91K,0.00%
27-Feb-20,22.1,22.1,22.1,22.1,1.00K,-1.78%
26-Feb-20,22.5,22.5,22.5,22.5,0.00K,2.27%
25-Feb-20,22,23.9,23.9,22,1.04K,-4.35%
24-Feb-20,23,22.1,23,20.7,0.40K,1.32%
17-Feb-20,22.7,22.7,22.7,22.7,0.01K,-1.73%
14-Feb-20,23.1,23,23.1,23,2.70K,0.00%
13-Feb-20,23.1,23.1,23.1,23.1,0.51K,-1.70%
10-Feb-20,23.5,23.6,23.6,23.5,3.00K,-0.42%
7-Feb-20,23.6,23.7,23.7,23.6,3.03K,0.43%
3-Feb-20,23.5,23.5,23.5,23.5,0.27K,-1.26%
31-Jan-20,23.8,23.5,23.8,23.5,1.10K,-2.86%
29-Jan-20,24.5,23.7,24.5,23.5,1.10K,-2.00%
23-Jan-20,25,24,25,24,0.36K,4.17%
22-Jan-20,24,24,24,24,0.87K,0.00%
21-Jan-20,24,25.9,25.9,23.5,1.13K,-4.00%
20-Jan-20,25,23.5,25,23.5,1.22K,6.38%
16-Jan-20,23.5,23.5,23.5,23.5,0.01K,-6.00%
14-Jan-20,25,24.9,25,24.8,0.21K,8.23%
13-Jan-20,23.1,23.1,23.1,23.1,0.20K,-0.43%
9-Jan-20,23.2,23,24.1,23,1.17K,-3.73%
8-Jan-20,24.1,24.3,25,24,1.32K,-3.60%
7-Jan-20,25,25,25,24.7,0.62K,-3.47%
2-Jan-20,25.9,25,25.9,25,0.12K,-0.38%
31-Dec-19,26,26,26,25.5,0.23K,1.96%
30-Dec-19,25.5,25.5,25.5,25.5,0.15K,-1.92%
27-Dec-19,26,26,26,26,0.01K,2.77%
26-Dec-19,25.3,26,26,25.3,0.70K,1.20%
24-Dec-19,25,25,25,25,0.10K,-3.85%
23-Dec-19,26,26,26,26,0.00K,4.00%
20-Dec-19,25,26.5,26.6,25,1.08K,4.17%
19-Dec-19,24,25.5,25.5,24,0.41K,-9.43%
18-Dec-19,26.5,26.5,26.5,26.5,0.20K,5.16%
17-Dec-19,25.2,25.3,25.3,25.2,0.10K,0.80%
13-Dec-19,25,25,25,25,0.10K,-3.85%
12-Dec-19,26,26,26,25,0.10K,5.26%
10-Dec-19,24.7,24.7,24.7,24.7,0.10K,-5.36%
9-Dec-19,26.1,26.1,26.1,25.6,0.12K,0.38%
5-Dec-19,26,26.1,26.5,26,0.29K,-2.99%
3-Dec-19,26.8,26.8,26.8,26.8,0.02K,-0.74%
29-Nov-19,27,27,27,27,0.50K,1.50%
28-Nov-19,26.6,27,27,26.6,2.01K,-1.48%
27-Nov-19,27,26,27,26,0.20K,3.85%
25-Nov-19,26,26,26,26,1.20K,0.00%
22-Nov-19,26,26,26,26,0.31K,-3.70%
21-Nov-19,27,26.1,27,26,4.42K,4.25%
19-Nov-19,25.9,26.5,26.5,25.9,3.21K,-2.63%
18-Nov-19,26.6,27,27,26.5,2.40K,-1.48%
15-Nov-19,27,26.5,27,26.5,0.34K,3.05%
14-Nov-19,26.2,26.2,26.2,26.2,0.01K,0.77%
13-Nov-19,26,26.5,26.9,26,4.40K,-5.45%
7-Nov-19,27.5,26.6,27.5,26.6,1.30K,-1.79%
5-Nov-19,28,28,28,28,0.00K,0.00%
1-Nov-19,28,28,28,28,0.01K,3.70%
31-Oct-19,27,27,27,27,0.30K,-4.93%
30-Oct-19,28.4,28.4,28.4,28.4,0.05K,3.27%
29-Oct-19,27.5,27,27.5,26,0.13K,-1.79%
28-Oct-19,28,26.4,28,26.3,1.06K,3.70%
23-Oct-19,27,26.5,27,26.5,11.24K,2.27%
21-Oct-19,26.4,26.7,26.7,26.4,0.90K,-3.65%
16-Oct-19,27.4,27.4,27.4,27.4,0.02K,3.01%
15-Oct-19,26.6,26.6,26.6,26.6,0.90K,-6.67%
14-Oct-19,28.5,28.4,28.5,28.4,0.48K,1.79%
11-Oct-19,28,28,28.2,28,0.17K,5.26%
10-Oct-19,26.6,28,28,26.6,0.13K,-5.00%
9-Oct-19,28,27,28,26.5,1.11K,1.82%
7-Oct-19,27.5,27.5,27.5,27.5,0.60K,0.00%
4-Oct-19,27.5,26.6,27.5,26.6,1.10K,3.38%
3-Oct-19,26.6,26.5,26.6,26.5,0.60K,-7.64%
1-Oct-19,28.8,28.8,28.8,28.8,0.01K,2.86%
27-Sep-19,28,27.5,28,27.5,1.36K,3.70%
26-Sep-19,27,27,27,27,0.01K,2.66%
24-Sep-19,26.3,26.3,26.3,26.3,0.10K,0.00%
20-Sep-19,26.3,26.3,26.3,26.3,0.00K,-2.95%
17-Sep-19,27.1,27.1,27.1,27.1,0.00K,0.37%
11-Sep-19,27,28,28,27,0.12K,-3.57%
10-Sep-19,28,28,28,28,0.02K,7.28%
6-Sep-19,26.1,26.2,26.2,26.1,0.56K,-0.38%
5-Sep-19,26.2,26.3,26.3,26.2,0.78K,-0.38%
4-Sep-19,26.3,26.4,26.4,26.3,0.11K,-0.38%
3-Sep-19,26.4,26.4,26.4,26.4,0.10K,0.00%
2-Sep-19,26.4,26.3,26.4,26.3,0.70K,0.38%
30-Aug-19,26.3,26.8,26.8,26.3,0.40K,-2.59%
29-Aug-19,27,27,27,27,0.60K,-0.37%
28-Aug-19,27.1,27.1,27.1,27.1,0.00K,0.00%
27-Aug-19,27.1,27.1,27.1,27.1,0.20K,-2.87%
23-Aug-19,27.9,27.9,27.9,27.9,1.81K,0.00%
22-Aug-19,27.9,27.9,27.9,27.9,0.20K,-0.36%
21-Aug-19,28,28.4,28.4,28,0.50K,-5.08%
16-Aug-19,29.5,29.5,29.5,29.5,0.01K,0.68%
15-Aug-19,29.3,27.2,29.3,27.2,0.11K,3.90%
8-Aug-19,28.2,28,28.2,28,0.26K,-5.37%
7-Aug-19,29.8,28.3,33.3,28,3.65K,6.43%
6-Aug-19,28,27.4,28.4,27.4,0.50K,6.87%
5-Aug-19,26.2,26.1,26.2,26.1,0.34K,-8.71%
1-Aug-19,28.7,27.8,28.7,26,2.67K,2.50%
30-Jul-19,28,27,28,27,5.17K,3.32%
29-Jul-19,27.1,27.1,27.1,25.9,2.24K,-0.37%
26-Jul-19,27.2,26,27.2,26,1.21K,3.82%
25-Jul-19,26.2,27,27,26.2,0.11K,-4.03%
24-Jul-19,27.3,27.2,27.3,27.2,1.32K,0.37%
22-Jul-19,27.2,27.1,27.2,27.1,0.07K,0.74%
19-Jul-19,27,26.9,27,26.9,0.02K,0.00%
18-Jul-19,27,26.1,27,26,3.10K,0.00%
17-Jul-19,27,26.6,27,26.6,0.20K,6.30%
15-Jul-19,25.4,25.6,26.5,25.4,15.06K,1.60%
12-Jul-19,25,25.2,25.2,25,0.10K,-6.37%
11-Jul-19,26.7,26,26.7,25,3.90K,-1.11%
10-Jul-19,27,25,27,24,0.21K,0.00%
9-Jul-19,27,26.6,27.1,26.6,0.48K,3.05%
8-Jul-19,26.2,26.2,26.2,26,0.70K,2.75%
5-Jul-19,25.5,25,25.5,25,0.18K,-4.85%
4-Jul-19,26.8,26.2,27.3,26.2,3.11K,2.29%
3-Jul-19,26.2,26.1,26.2,26.1,1.06K,1.95%
2-Jul-19,25.7,25.7,25.7,25,0.10K,7.08%
28-Jun-19,24,24.4,25,24,0.55K,-2.44%
25-Jun-19,24.6,24.6,24.6,24.6,0.43K,-2.77%
21-Jun-19,25.3,25.4,25.4,25,0.53K,2.85%
20-Jun-19,24.6,24.6,24.6,24.6,0.00K,0.00%
19-Jun-19,24.6,26.8,26.8,24.5,0.10K,-9.89%
18-Jun-19,27.3,24.1,27.3,24.1,1.23K,13.28%
17-Jun-19,24.1,24.1,24.1,24.1,0.02K,-9.74%
12-Jun-19,26.7,26.7,26.7,26.7,0.00K,11.25%
11-Jun-19,24,23.3,24,23.3,0.89K,4.35%
10-Jun-19,23,23,23,23,0.12K,4.55%
4-Jun-19,22,22,22,22,0.02K,-4.35%
3-Jun-19,23,23,23,23,0.10K,4.55%
31-May-19,22,22,22,22,1.74K,-4.35%
29-May-19,23,23,23,23,0.20K,2.22%
28-May-19,22.5,22.6,22.6,22.5,0.15K,2.27%
27-May-19,22,22,22,22,0.00K,-3.51%
24-May-19,22.8,23.9,23.9,22.8,0.31K,-7.32%
23-May-19,24.6,24.6,24.6,24.6,0.01K,4.24%
22-May-19,23.6,23.6,23.6,23.6,0.39K,7.76%
17-May-19,21.9,22,22,21.9,0.10K,-6.81%
16-May-19,23.5,24.7,24.7,23.5,0.07K,10.33%
15-May-19,21.3,21.3,22,21.1,2.65K,9.23%
14-May-19,19.5,23.8,23.8,19.5,0.29K,-22.00%
10-May-19,25,25,25,25,0.50K,4.17%
9-May-19,24,24,24,24,2.10K,-4.00%
8-May-19,25,24.5,25,24.5,2.52K,3.73%
7-May-19,24.1,24.1,24.1,24.1,0.20K,0.00%
6-May-19,24.1,24.3,24.3,24.1,0.13K,-3.60%
3-May-19,25,26,26,24,0.66K,-1.19%
2-May-19,25.3,27.9,27.9,25.3,0.20K,-5.95%
30-Apr-19,26.9,26.9,26.9,26.9,0.00K,0.00%
29-Apr-19,26.9,26.9,26.9,26.9,0.00K,-3.93%
26-Apr-19,28,28,28,28,0.09K,0.00%
25-Apr-19,28,28,28,28,0.10K,7.69%
23-Apr-19,26,26,26,26,51.24K,-3.70%
18-Apr-19,27,27,27,27,0.03K,-6.57%
17-Apr-19,28.9,28.9,28.9,28.9,0.02K,11.15%
10-Apr-19,26,25.9,26,25.9,4.22K,7.88%
9-Apr-19,24.1,24.1,24.1,24.1,0.00K,-6.95%
5-Apr-19,25.9,26,26,25.9,1.01K,-0.38%
4-Apr-19,26,26,26,26,1.93K,0.00%
3-Apr-19,26,25.9,26,25.9,0.13K,5.69%
2-Apr-19,24.6,25,25.9,24.6,0.95K,-8.89%
1-Apr-19,27,27.8,27.8,27,0.01K,3.45%
29-Mar-19,26.1,26.1,26.1,26.1,0.30K,2.35%
28-Mar-19,25.5,25.5,25.5,25.5,0.05K,4.08%
27-Mar-19,24.5,24.7,24.7,24.5,0.50K,0.00%
26-Mar-19,24.5,26.2,26.2,24.5,1.10K,-6.13%
25-Mar-19,26.1,26.1,26.1,26.1,0.04K,-6.45%
22-Mar-19,27.9,26,28,26,479.12K,7.31%
19-Mar-19,26,26,26,26,0.01K,-5.45%
18-Mar-19,27.5,27,27.5,27,6.50K,5.36%
15-Mar-19,26.1,26.2,26.2,26.1,0.04K,-1.51%
14-Mar-19,26.5,26.4,26.5,26.4,4.50K,0.38%
12-Mar-19,26.4,26.4,26.4,26.4,14.38K,0.00%
11-Mar-19,26.4,26.4,26.4,26.4,0.30K,-0.38%
6-Mar-19,26.5,26.4,26.5,26.4,0.34K,0.00%
5-Mar-19,26.5,26.5,26.5,26.5,0.60K,0.00%
27-Feb-19,26.5,27.6,27.6,26.5,0.06K,-0.75%
26-Feb-19,26.7,26.7,26.7,26.7,0.11K,0.00%
25-Feb-19,26.7,26.7,26.7,26.7,0.01K,-4.64%
15-Feb-19,28,28,28.3,28,0.52K,0.00%
14-Feb-19,28,28,28,28,4.11K,0.00%
13-Feb-19,28,28.3,28.3,28,0.72K,-1.06%
12-Feb-19,28.3,26.6,28.3,26.6,1.38K,-0.35%
11-Feb-19,28.4,26.6,28.4,26.6,2.75K,5.19%
7-Feb-19,27,27,27,27,0.01K,0.00%
6-Feb-19,27,26.6,27,26.6,0.53K,-1.46%
5-Feb-19,27.4,27.4,27.4,27.4,0.00K,0.00%
1-Feb-19,27.4,27.2,27.4,27.2,0.48K,0.74%
31-Jan-19,27.2,26.3,27.2,26.3,0.73K,0.00%
30-Jan-19,27.2,26,27.2,26,0.74K,6.25%
28-Jan-19,25.6,25.6,25.6,25.6,0.72K,-6.23%
24-Jan-19,27.3,27,27.5,27,0.20K,5.00%
23-Jan-19,26,25.1,26,25.1,0.21K,-3.70%
21-Jan-19,27,25.9,27,25.9,1.32K,-1.46%
18-Jan-19,27.4,25.8,27.4,25.8,0.69K,7.45%
14-Jan-19,25.5,25.5,25.5,25.5,0.50K,2.00%
11-Jan-19,25,26.1,26.1,25,1.50K,-4.21%
10-Jan-19,26.1,26.2,26.2,26.1,0.50K,-5.78%
8-Jan-19,27.7,26.1,28,26.1,1.52K,-1.07%
7-Jan-19,28,28,28,27,0.68K,-5.08%
3-Jan-19,29.5,28.8,29.5,28.8,0.40K,1.72%
2-Jan-19,29,26.8,30,26.8,0.79K,13.73%
31-Dec-18,25.5,25.5,25.5,25.5,0.75K,2.00%
26-Dec-18,25,25.1,25.1,25,0.10K,-7.75%
24-Dec-18,27.1,27.1,27.1,27.1,0.10K,-0.73%
21-Dec-18,27.3,27.3,27.3,27.3,0.50K,-2.50%
20-Dec-18,28,28.8,28.8,28,0.62K,-2.78%
19-Dec-18,28.8,28.2,28.8,28.2,0.44K,2.13%
18-Dec-18,28.2,28.2,28.3,28.2,1.16K,0.00%
17-Dec-18,28.2,29,30,28.2,0.55K,0.00%
14-Dec-18,28.2,29,29.4,28.2,0.83K,0.00%
12-Dec-18,28.2,28.3,28.3,28.2,0.11K,0.36%
10-Dec-18,28.1,28,28.1,28,0.00K,-4.75%
7-Dec-18,29.5,29.5,29.5,29.5,0.08K,-2.96%
6-Dec-18,30.4,30.4,30.4,30.4,0.05K,1.33%
5-Dec-18,30,30.8,31.8,30,9.89K,0.00%
4-Dec-18,30,27.6,30,27,17.43K,7.14%
3-Dec-18,28,26.9,28,26.5,3.88K,3.70%
30-Nov-18,27,26,27.5,26,4.63K,1.89%
29-Nov-18,26.5,27,27.9,26,22.93K,1.92%
28-Nov-18,26,25.9,26,25.9,0.35K,-2.62%
27-Nov-18,26.7,26.3,26.7,26.3,0.20K,1.52%
26-Nov-18,26.3,26.3,26.3,26.3,0.02K,-0.75%
23-Nov-18,26.5,26.7,26.7,26.5,0.51K,-0.38%
21-Nov-18,26.6,26.7,26.7,26.6,0.12K,1.92%
19-Nov-18,26.1,26.8,26.8,26.1,2.00K,-7.12%
16-Nov-18,28.1,26.5,28.1,26.4,0.03K,0.36%
15-Nov-18,28,26.9,29.9,26.6,0.31K,3.70%
14-Nov-18,27,25.9,32.5,25,159.85K,3.85%
13-Nov-18,26,25.5,26.6,25,287.17K,0.39%
9-Nov-18,25.9,25.9,25.9,25.9,0.02K,-0.38%
5-Nov-18,26,26,26,25,7.46K,0.00%
2-Nov-18,26,25.5,26,25.5,7.40K,2.36%
1-Nov-18,25.4,23.3,25.4,23.3,0.04K,9.96%
30-Oct-18,23.1,23.1,23.1,23.1,0.01K,-10.81%
29-Oct-18,25.9,25,25.9,25,0.20K,12.61%
25-Oct-18,23,23,23,23,0.91K,-4.17%
19-Oct-18,24,24,24,24,0.10K,0.00%
17-Oct-18,24,24,24,24,10.92K,0.00%
16-Oct-18,24,24,24,24,0.50K,-0.41%
15-Oct-18,24.1,24.1,24.1,24.1,0.00K,0.42%
12-Oct-18,24,24,24,24,0.20K,0.00%
11-Oct-18,24,24,24,24,1.09K,0.00%
10-Oct-18,24,24,24,24,0.59K,0.00%
9-Oct-18,24,24,24,24,6.00K,0.00%
5-Oct-18,24,24,24.1,24,2.35K,0.00%
4-Oct-18,24,24,24,24,1.20K,0.00%
1-Oct-18,24,24,24,24,0.52K,0.84%
28-Sep-18,23.8,23.9,23.9,23.8,100.11K,0.42%
26-Sep-18,23.7,23.7,23.7,23.7,0.20K,0.00%
25-Sep-18,23.7,23.8,24.7,23.7,4.14K,-4.05%
21-Sep-18,24.7,24.7,24.7,24.7,0.30K,-0.40%
19-Sep-18,24.8,24.7,24.8,24.7,0.47K,3.33%
18-Sep-18,24,24,24,24,1.28K,0.00%
17-Sep-18,24,24,24,24,1.00K,2.13%
14-Sep-18,23.5,23.5,23.6,23.5,0.10K,-4.08%
12-Sep-18,24.5,24.5,24.5,24.5,1.84K,0.00%
11-Sep-18,24.5,25,25,24.5,0.80K,-2.78%
7-Sep-18,25.2,24.5,25.2,24.5,2.09K,3.70%
6-Sep-18,24.3,25,25,24.3,5.68K,0.41%
5-Sep-18,24.2,24.1,24.2,24.1,0.10K,0.00%
4-Sep-18,24.2,25,25,24.2,0.22K,0.83%
3-Sep-18,24,24.3,24.3,24,3.36K,-4.00%
30-Aug-18,25,25,25,25,0.01K,-1.57%
29-Aug-18,25.4,25.4,25.4,24.5,1.01K,5.83%
28-Aug-18,24,24,24,24,2.20K,0.00%
27-Aug-18,24,24.1,24.1,24,17.80K,-0.41%
24-Aug-18,24.1,24.1,24.2,24.1,3.11K,-3.60%
23-Aug-18,25,25,25,25,0.01K,2.04%
21-Aug-18,24.5,25.4,25.4,24.5,1.10K,-3.92%
20-Aug-18,25.5,25,26,25,4.17K,6.25%
16-Aug-18,24,24,24,24,11.05K,0.00%
15-Aug-18,24,24.1,24.1,24,1.50K,-4.00%
9-Aug-18,25,25.3,25.3,25,1.13K,3.73%
8-Aug-18,24.1,24.1,24.1,24.1,0.05K,-3.60%
7-Aug-18,25,25,25.4,25,14.90K,0.00%
6-Aug-18,25,25,25,25,10.40K,4.17%
2-Aug-18,24,23.8,24,23.8,10.10K,-4.38%
1-Aug-18,25.1,24.4,25.1,24.4,30.20K,2.87%
31-Jul-18,24.4,24.9,24.9,24.4,0.81K,-0.41%
30-Jul-18,24.5,24.5,24.5,24.5,3.50K,-3.54%
25-Jul-18,25.4,25.4,25.4,25.4,0.00K,5.39%
24-Jul-18,24.1,24.2,24.2,24.1,0.31K,-5.49%
23-Jul-18,25.5,24.1,25.5,24,0.56K,6.25%
18-Jul-18,24,24,24,24,1.00K,0.00%
17-Jul-18,24,23.9,25,23.9,4.19K,0.42%
16-Jul-18,23.9,23,23.9,23,0.70K,-0.42%
13-Jul-18,24,24.5,24.5,22.8,0.13K,0.00%
11-Jul-18,24,23,24.2,23,12.21K,-2.04%
10-Jul-18,24.5,23,24.5,23,0.51K,10.36%
9-Jul-18,22.2,22.2,22.2,22.2,0.10K,0.00%
6-Jul-18,22.2,22.1,22.3,22.1,0.16K,-3.48%
5-Jul-18,23,23,23,23,0.10K,0.00%
4-Jul-18,23,23,23,23,0.70K,0.00%
3-Jul-18,23,24.2,24.2,23,1.10K,-1.29%
2-Jul-18,23.3,25,25,23.3,3.90K,-10.38%
29-Jun-18,26,24.9,26,23.4,139.33K,0.39%
28-Jun-18,25.9,23.3,25.9,23.3,13.64K,12.61%
26-Jun-18,23,23,23,23,0.46K,-5.74%
25-Jun-18,24.4,24.4,24.4,24.4,0.03K,0.00%
22-Jun-18,24.4,23.3,24.4,23,9.06K,6.09%
21-Jun-18,23,23.3,23.3,23,2.84K,-4.56%
20-Jun-18,24.1,24.2,24.2,23.6,2.08K,-0.41%
19-Jun-18,24.2,24.3,24.3,23.5,0.35K,-0.41%
18-Jun-18,24.3,23.3,24.4,23.3,0.47K,-2.02%
13-Jun-18,24.8,24.1,24.8,24.1,0.75K,-0.80%
12-Jun-18,25,25,25,25,0.01K,7.30%
11-Jun-18,23.3,24.1,24.1,23.3,23.37K,-2.92%
8-Jun-18,24,24.1,24.2,24,0.70K,-0.41%
7-Jun-18,24.1,24.1,24.1,24.1,0.00K,-0.41%
6-Jun-18,24.2,23,24.2,22.9,4.20K,5.22%
5-Jun-18,23,22.9,23,22.9,3.00K,0.44%
4-Jun-18,22.9,23.8,23.8,22.9,0.21K,-3.78%
1-Jun-18,23.8,24.7,24.7,22.6,8.80K,0.00%
30-May-18,23.8,23.8,23.8,23.8,1.10K,0.00%
28-May-18,23.8,23.8,23.8,23.8,0.10K,-0.83%
25-May-18,24,24,24,24,1.04K,-1.23%
24-May-18,24.3,24.3,24.3,23.7,16.72K,0.00%
22-May-18,24.3,24.3,24.3,24.3,0.51K,0.00%
21-May-18,24.3,23.8,24.3,23.8,1.30K,2.53%
18-May-18,23.7,23.7,23.7,23.7,0.10K,-2.47%
17-May-18,24.3,24.3,24.3,24.3,11.01K,-2.02%
15-May-18,24.8,23.8,24.8,23.8,9.17K,4.64%
14-May-18,23.7,23.7,23.7,23.7,0.10K,0.42%
11-May-18,23.6,24.9,25,23.6,19.37K,0.00%
10-May-18,23.6,23.6,23.6,23.6,2.10K,-2.07%
9-May-18,24.1,23.6,24.1,23.6,1.12K,0.42%
8-May-18,24,23.6,24,23.5,2.20K,1.69%
4-May-18,23.6,23.6,23.6,23.6,-,0.00%
2-May-18,23.6,23.6,23.6,23.6,0.06K,-5.98%
1-May-18,25.1,25.6,25.6,25.1,0.21K,0.00%
27-Apr-18,25.1,23.3,26,23.3,23.86K,7.73%
26-Apr-18,23.3,23.3,23.3,23.3,10.10K,0.00%
25-Apr-18,23.3,23.3,23.3,23.3,0.10K,0.00%
24-Apr-18,23.3,23.3,23.3,23.3,0.80K,0.00%
23-Apr-18,23.3,24.4,24.4,23.3,0.10K,-2.92%
19-Apr-18,24,23.3,24,23.2,5.75K,0.00%
18-Apr-18,24,24,24,24,1.01K,3.00%
17-Apr-18,23.3,23.4,23.4,23.3,0.10K,-0.85%
16-Apr-18,23.5,23.5,23.8,23.5,1.88K,-2.08%
12-Apr-18,24,23.5,24,23.5,2.10K,2.13%
11-Apr-18,23.5,23.5,23.5,23.5,1.21K,-2.08%
10-Apr-18,24,23.2,24.9,23,21.15K,3.90%
9-Apr-18,23.1,23.1,23.1,23.1,0.00K,-11.15%
29-Mar-18,26,25.6,26,25.2,167.96K,0.00%
28-Mar-18,26,23.1,26,23.1,203.31K,4.42%
27-Mar-18,24.9,23.8,24.9,23.8,41.35K,4.62%
26-Mar-18,23.8,23,23.8,23,8.00K,-0.42%
23-Mar-18,23.9,23.5,23.9,23,13.62K,2.58%
22-Mar-18,23.3,23.5,23.5,23.3,5.20K,2.64%
21-Mar-18,22.7,22.7,23,22.7,1.51K,-3.40%
20-Mar-18,23.5,23.5,23.5,22.7,12.63K,2.62%
19-Mar-18,22.9,22.9,22.9,22.9,3.00K,-0.43%
16-Mar-18,23,23,23,23,8.10K,0.00%
15-Mar-18,23,23.5,23.5,23,2.52K,0.00%
14-Mar-18,23,23,23,23,0.05K,0.00%
13-Mar-18,23,22.5,23.5,22.5,3.55K,2.22%
12-Mar-18,22.5,24,24,22.5,0.50K,-3.85%
9-Mar-18,23.4,23,23.4,23,25.70K,1.74%
8-Mar-18,23,23,23,23,2.58K,-0.43%
7-Mar-18,23.1,23.1,23.1,23.1,0.38K,0.00%
6-Mar-18,23.1,23.1,23.1,23.1,0.50K,0.00%
5-Mar-18,23.1,23.4,23.5,23.1,1.49K,0.43%
2-Mar-18,23,23,23,23,0.60K,0.00%
28-Feb-18,23,23.5,23.5,23,7.97K,-3.36%
27-Feb-18,23.8,23.8,23.8,23.8,2.76K,3.48%
26-Feb-18,23,23,23.8,23,10.65K,0.00%
22-Feb-18,23,23,23,23,3.32K,0.00%
21-Feb-18,23,22.6,23,22.5,5.90K,2.22%
20-Feb-18,22.5,23.8,23.8,22.5,0.50K,-2.17%
19-Feb-18,23,24,24,23,0.65K,0.00%
16-Feb-18,23,22.4,23,22.4,1.06K,-4.17%
15-Feb-18,24,23.9,25,23.9,12.16K,3.00%
14-Feb-18,23.3,21.8,24,21.8,1.56K,5.91%
12-Feb-18,22,22,22,22,0.39K,-6.38%
8-Feb-18,23.5,22.8,23.8,22,17.47K,3.07%
7-Feb-18,22.8,22.8,22.8,22.8,1.07K,0.00%
6-Feb-18,22.8,22,22.8,22,7.10K,3.64%
2-Feb-18,22,22,22,22,0.01K,0.00%
1-Feb-18,22,22.5,22.5,21.5,30.35K,2.33%
30-Jan-18,21.5,23,23,21.5,0.25K,0.00%
26-Jan-18,21.5,21.6,23.1,21.5,3.53K,-4.02%
25-Jan-18,22.4,21.6,22.5,21.3,9.44K,1.82%
24-Jan-18,22,21.4,22,21.2,2.35K,1.85%
23-Jan-18,21.6,21.6,21.6,21.6,0.20K,0.47%
22-Jan-18,21.5,21.8,21.8,21.5,1.60K,-0.92%
19-Jan-18,21.7,21.7,21.7,21.7,0.10K,-4.41%
17-Jan-18,22.7,22.7,22.7,22.7,0.12K,0.00%
16-Jan-18,22.7,22.7,22.7,22.7,0.21K,-1.30%
12-Jan-18,23,23,23,23,29.68K,1.32%
11-Jan-18,22.7,22.7,22.7,22.7,5.00K,0.00%
10-Jan-18,22.7,22.7,22.7,22.7,0.10K,-0.44%
9-Jan-18,22.8,24,24,22.7,1.59K,-0.87%
8-Jan-18,23,22.1,23,22.1,0.92K,3.60%
4-Jan-18,22.2,22.2,22.2,22.2,2.00K,1.83%
3-Jan-18,21.8,21.8,21.8,21.8,2.00K,-11.02%
29-Dec-17,24.5,21.5,24.5,21.5,0.04K,2.08%
28-Dec-17,24,23.9,26.5,23.9,9.65K,11.63%
26-Dec-17,21.5,21.5,21.5,21.5,1.20K,2.87%
22-Dec-17,20.9,21.9,24.5,20.9,3.63K,0.00%
21-Dec-17,20.9,21,21,20.9,1.80K,-0.48%
20-Dec-17,21,21,21,21,0.38K,0.00%
19-Dec-17,21,21,22,21,1.86K,0.48%
14-Dec-17,20.9,20.9,20.9,20.8,0.48K,-8.33%
12-Dec-17,22.8,22,22.8,22,0.40K,3.64%
11-Dec-17,22,22.4,22.4,22,0.90K,6.80%
8-Dec-17,20.6,22,22,20.6,0.55K,-6.36%
7-Dec-17,22,22.1,22.1,22,4.30K,-0.90%
5-Dec-17,22.2,22.5,22.5,22.2,1.40K,-3.48%
4-Dec-17,23,23.3,23.3,23,0.06K,-1.29%
30-Nov-17,23.3,22.3,23.3,22.2,0.94K,-0.43%
29-Nov-17,23.4,23,23.4,22.5,0.40K,5.41%
23-Nov-17,22.2,22.1,22.4,22,4.73K,-1.33%
22-Nov-17,22.5,22.1,22.5,22,1.50K,0.00%
21-Nov-17,22.5,22.5,22.5,22.5,0.20K,0.45%
20-Nov-17,22.4,22.4,22.4,22.4,0.10K,0.00%
17-Nov-17,22.4,22,22.5,22,1.82K,1.36%
16-Nov-17,22.1,23,23.8,22.1,3.86K,-5.96%
14-Nov-17,23.5,23.9,23.9,23,0.51K,-2.08%
10-Nov-17,24,24.4,24.4,24,0.54K,-2.04%
7-Nov-17,24.5,24.5,24.5,24.5,0.45K,-0.41%
6-Nov-17,24.6,24.5,24.6,24.5,0.90K,0.00%
2-Nov-17,24.6,24.6,25.3,24.6,1.10K,0.00%
1-Nov-17,24.6,24.7,24.7,24.6,4.00K,0.00%
31-Oct-17,24.6,24.9,24.9,24.6,1.00K,-0.40%
30-Oct-17,24.7,24.7,24.7,24.7,0.10K,0.41%
27-Oct-17,24.6,24.5,24.6,24.5,0.02K,-6.11%
26-Oct-17,26.2,25.3,26.2,25.3,3.59K,3.56%
25-Oct-17,25.3,25.3,25.3,25.3,0.50K,0.00%
24-Oct-17,25.3,25.3,26.3,25.3,3.29K,0.00%
23-Oct-17,25.3,25.2,25.3,25,9.95K,3.27%
20-Oct-17,24.5,25.2,25.2,24.5,0.20K,-2.39%
19-Oct-17,25.1,25.2,25.2,24.6,1.03K,-0.40%
17-Oct-17,25.2,25.2,25.2,25.2,0.00K,2.44%
16-Oct-17,24.6,25,25,24.6,0.03K,-0.40%
13-Oct-17,24.7,24.5,25,24.5,16.77K,-1.20%
12-Oct-17,25,25,25.2,25,1.32K,0.40%
11-Oct-17,24.9,25,25,24,0.64K,3.75%
10-Oct-17,24,24.3,24.3,24,2.34K,-5.51%
6-Oct-17,25.4,25.4,25.4,25.4,0.10K,4.53%
4-Oct-17,24.3,24.9,25.3,24.3,2.00K,-2.41%
3-Oct-17,24.9,24.6,24.9,24.6,3.80K,-1.97%
2-Oct-17,25.4,24.5,25.4,24.5,0.65K,4.53%
29-Sep-17,24.3,24.3,24.3,24.3,0.72K,-4.71%
28-Sep-17,25.5,24.5,25.5,24.5,3.10K,2.00%
27-Sep-17,25,25,25,25,0.30K,0.00%
26-Sep-17,25,25,25,24,1.49K,-1.57%
25-Sep-17,25.4,26,26,25.4,5.41K,-1.55%
22-Sep-17,25.8,25.4,25.8,25.4,12.11K,1.57%
21-Sep-17,25.4,25,26,25,70.95K,1.60%
20-Sep-17,25,25,25,23.2,0.30K,2.04%
19-Sep-17,24.5,23,24.9,23,3.24K,2.08%
18-Sep-17,24,22.8,24,22.7,5.10K,7.62%
15-Sep-17,22.3,22.3,22.3,22.3,0.10K,-7.08%
13-Sep-17,24,24.3,24.3,24,1.05K,-1.23%
12-Sep-17,24.3,24.4,24.4,24.3,0.70K,-0.41%
11-Sep-17,24.4,24.5,24.5,24.4,0.61K,-2.01%
7-Sep-17,24.9,24.9,24.9,24.9,0.05K,2.47%
6-Sep-17,24.3,24.5,24.5,24.3,0.50K,-2.80%
4-Sep-17,25,25,25,25,0.09K,0.00%
31-Aug-17,25,25,25,25,0.03K,0.00%
30-Aug-17,25,24.3,25,24.3,2.28K,2.88%
29-Aug-17,24.3,24.3,24.3,24.3,0.10K,-0.82%
25-Aug-17,24.5,24.5,24.5,24,0.51K,-1.61%
23-Aug-17,24.9,24.9,24.9,24.9,0.10K,1.63%
22-Aug-17,24.5,23.8,24.5,23.8,11.59K,2.08%
21-Aug-17,24,24,24,24,0.10K,-4.00%
18-Aug-17,25,24,25,24,0.60K,0.40%
17-Aug-17,24.9,23.6,24.9,23.6,1.10K,6.87%
16-Aug-17,23.3,24,24,23.3,8.00K,-5.28%
15-Aug-17,24.6,24,24.6,24,1.10K,-3.53%
14-Aug-17,25.5,25.5,25.5,24,7.82K,4.51%
11-Aug-17,24.4,24.5,24.8,24.4,43.45K,-2.40%
10-Aug-17,25,24.9,25,24.9,0.07K,2.04%
9-Aug-17,24.5,25,25,24.5,0.40K,-3.54%
4-Aug-17,25.4,25.1,25.4,25,2.19K,-0.39%
3-Aug-17,25.5,25.5,25.5,25.5,0.05K,1.59%
2-Aug-17,25.1,26,26,25.1,0.52K,-0.40%
1-Aug-17,25.2,26,26,25.2,0.28K,0.00%
31-Jul-17,25.2,26,26,25.2,1.82K,-3.08%
28-Jul-17,26,26,26,26,0.00K,-1.52%
26-Jul-17,26.4,25.2,26.4,25.1,3.90K,1.54%
25-Jul-17,26,25.2,26,25.1,0.32K,3.59%
24-Jul-17,25.1,26.5,26.5,25.1,4.91K,-2.33%
21-Jul-17,25.7,25.4,25.7,25.4,8.93K,1.18%
20-Jul-17,25.4,26.7,26.8,25.4,3.50K,-2.31%
18-Jul-17,26,25.7,26,25.7,29.40K,1.17%
17-Jul-17,25.7,25.8,25.8,25.7,20.30K,-4.81%
14-Jul-17,27,27,27,27,2.00K,-0.37%
13-Jul-17,27.1,25.8,27.4,25.8,26.08K,4.63%
12-Jul-17,25.9,26,26,25.1,1.21K,2.78%
11-Jul-17,25.2,25.2,25.2,25.2,0.39K,-1.18%
7-Jul-17,25.5,25.5,25.5,25.5,0.00K,-3.77%
6-Jul-17,26.5,26.5,26.5,26.5,0.01K,1.92%
5-Jul-17,26,26,26,26,1.00K,0.00%
4-Jul-17,26,26,26,26,4.85K,0.00%
3-Jul-17,26,26,26.5,26,2.54K,0.00%
30-Jun-17,26,25.2,27.1,25.2,38.30K,3.17%
29-Jun-17,25.2,25.3,25.3,25.1,2.88K,-6.67%
28-Jun-17,27,24.6,27.3,24.6,133.65K,14.89%
27-Jun-17,23.5,23.5,23.5,23.5,0.01K,-0.84%
22-Jun-17,23.7,23.7,23.7,23.7,0.10K,-4.82%
21-Jun-17,24.9,25,25,23.6,0.10K,1.22%
20-Jun-17,24.6,24.7,25.4,24.6,13.03K,-0.40%
19-Jun-17,24.7,24.6,24.7,24.6,0.20K,2.92%
16-Jun-17,24,24,24,24,0.50K,2.13%
15-Jun-17,23.5,24,24,23.5,1.01K,-4.47%
14-Jun-17,24.6,24.5,24.6,24.5,1.00K,5.58%
13-Jun-17,23.3,23.5,24,23.3,30.00K,-2.92%
12-Jun-17,24,24,24,24,0.05K,0.00%
9-Jun-17,24,24.6,24.6,24,0.04K,3.00%
7-Jun-17,23.3,23.5,23.5,23.1,4.00K,-6.80%
6-Jun-17,25,23.6,25,23.5,2.30K,-1.96%
5-Jun-17,25.5,23.5,25.5,23.5,1.50K,4.08%
2-Jun-17,24.5,24.5,24.5,24.5,0.00K,2.08%
1-Jun-17,24,24.5,24.5,24,10.40K,3.45%
31-May-17,23.2,23,23.9,23,1.70K,-0.43%
26-May-17,23.3,24.9,24.9,23.3,0.20K,-2.92%
25-May-17,24,23.1,24,23.1,9.96K,3.90%
24-May-17,23.1,23,23.1,23,1.04K,-3.75%
23-May-17,24,24.1,24.1,24,22.66K,-0.41%
22-May-17,24.1,24.1,24.1,24.1,0.11K,0.42%
19-May-17,24,24,24,24,0.10K,-3.61%
18-May-17,24.9,25,25,24.2,2.65K,-2.35%
17-May-17,25.5,24.5,25.5,24.1,6.50K,4.08%
16-May-17,24.5,24.6,24.8,24.5,1.30K,1.24%
15-May-17,24.2,25.8,25.9,24.2,0.67K,-6.56%
9-May-17,25.9,25.5,25.9,25,10.53K,0.39%
8-May-17,25.8,24.6,25.9,24.6,4.78K,4.88%
5-May-17,24.6,24.1,24.6,24.1,0.60K,2.50%
4-May-17,24,24,24,24,0.90K,-3.61%
3-May-17,24.9,24,24.9,24,4.35K,1.22%
2-May-17,24.6,24.6,24.7,22.9,6.87K,0.00%
27-Apr-17,24.6,23.5,27,23.5,6.21K,7.89%
26-Apr-17,22.8,22.7,23.7,22.6,2.81K,0.44%
25-Apr-17,22.7,24.2,24.2,22.6,1.52K,0.44%
24-Apr-17,22.6,22.6,22.6,22.5,1.40K,-3.83%
21-Apr-17,23.5,22.8,23.5,22.8,11.09K,-2.89%
20-Apr-17,24.2,23.7,24.4,22.6,18.32K,-0.82%
19-Apr-17,24.4,22.2,24.4,22.2,0.86K,-1.21%
18-Apr-17,24.7,24.2,24.7,24.2,2.58K,2.07%
12-Apr-17,24.2,24.2,24.2,24.2,0.00K,-2.02%
7-Apr-17,24.7,24.7,24.7,24.7,0.39K,0.41%
6-Apr-17,24.6,24,24.6,24,0.50K,4.68%
5-Apr-17,23.5,22.2,23.5,22.2,0.41K,-4.08%
4-Apr-17,24.5,21.1,25,21.1,1.73K,-2.00%
3-Apr-17,25,24.8,25,24.8,0.50K,0.00%
31-Mar-17,25,24.9,25,24.8,167.25K,5.49%
30-Mar-17,23.7,24.9,25,23.1,60.51K,-5.20%
29-Mar-17,25,24.8,25,22,58.71K,2.04%
28-Mar-17,24.5,22.7,24.5,22.7,125.85K,11.36%
27-Mar-17,22,21,22,21,56.22K,7.84%
24-Mar-17,20.4,20.1,20.5,20,1.80K,-2.86%
23-Mar-17,21,19.1,21,19,15.69K,9.37%
22-Mar-17,19.2,19.2,19.3,19.2,19.74K,-4.00%
21-Mar-17,20,19.5,20,19.5,0.02K,-0.50%
14-Mar-17,20.1,20.1,20.1,20.1,1.90K,-6.94%
13-Mar-17,21.6,20.1,21.6,20.1,2.19K,7.46%
9-Mar-17,20.1,20.4,21.2,20.1,4.77K,0.00%
8-Mar-17,20.1,20,20.1,20,5.10K,0.00%
7-Mar-17,20.1,20.1,20.1,20.1,0.20K,-0.50%
6-Mar-17,20.2,20.2,20.2,20.1,7.52K,-5.61%
3-Mar-17,21.4,20.2,21.4,20.1,2.50K,6.47%
2-Mar-17,20.1,20.1,20.1,20.1,8.07K,0.50%
1-Mar-17,20,20.1,20.1,20,0.20K,0.00%
28-Feb-17,20,20,20,20,7.81K,-0.99%
27-Feb-17,20.2,20.2,20.2,20.2,1.50K,1.00%
23-Feb-17,20,20,20,20,1.00K,-0.50%
22-Feb-17,20.1,21,21,20.1,0.01K,-0.50%
21-Feb-17,20.2,20.2,20.2,20.2,5.00K,-2.42%
20-Feb-17,20.7,20.8,21,20.5,0.83K,0.00%
15-Feb-17,20.7,20.7,20.7,20.7,0.93K,-9.21%
14-Feb-17,22.8,22.8,22.8,22.8,0.10K,4.59%
13-Feb-17,21.8,21,21.8,20.9,1.99K,0.00%
9-Feb-17,21.8,21.9,21.9,20.1,0.19K,1.87%
8-Feb-17,21.4,19.7,21.4,19.7,0.42K,1.90%
7-Feb-17,21,21,21,21,1.50K,3.96%
6-Feb-17,20.2,20.1,20.2,20,9.35K,0.50%
3-Feb-17,20.1,20.5,20.5,20.1,2.97K,-1.95%
2-Feb-17,20.5,20.6,20.6,20.5,1.90K,0.00%
1-Feb-17,20.5,22.1,22.1,20.5,0.10K,-5.96%
31-Jan-17,21.8,22,22,20.5,1.02K,5.31%
30-Jan-17,20.7,20.3,22.3,20.2,2.98K,5.08%
27-Jan-17,19.7,22.6,22.6,19.7,0.30K,-13.97%
26-Jan-17,22.9,22.9,22.9,22.8,0.31K,4.57%
25-Jan-17,21.9,21.7,21.9,21.7,1.01K,0.46%
24-Jan-17,21.8,23.4,23.4,21.8,0.81K,0.46%
20-Jan-17,21.7,21.7,21.7,21.7,0.10K,-1.36%
18-Jan-17,22,22,22,22,1.50K,0.00%
17-Jan-17,22,22,22,22,0.50K,-2.22%
16-Jan-17,22.5,21.9,22.5,21.9,0.86K,2.27%
11-Jan-17,22,22,22,22,0.20K,0.46%
10-Jan-17,21.9,21.8,21.9,21.8,0.30K,0.00%
9-Jan-17,21.9,21.9,21.9,21.9,0.49K,-0.45%
5-Jan-17,22,23,23,22,5.55K,-4.35%
4-Jan-17,23,23,23,23,0.01K,3.60%
3-Jan-17,22.2,22.1,22.2,22.1,2.02K,-6.33%
30-Dec-16,23.7,23.9,24,23.7,7.00K,-1.25%
29-Dec-16,24,23.2,24,23.2,3.00K,5.73%
28-Dec-16,22.7,22.7,22.7,22.7,0.51K,2.25%
27-Dec-16,22.2,22,22.2,22,2.47K,-5.13%
23-Dec-16,23.4,22.9,23.5,22.9,10.17K,5.88%
21-Dec-16,22.1,21.8,23,21.6,12.05K,0.45%
20-Dec-16,22,22,22,22,0.30K,1.85%
19-Dec-16,21.6,21.6,21.6,21.6,0.00K,-6.09%
15-Dec-16,23,21.6,23,21.6,0.20K,6.98%
14-Dec-16,21.5,21.7,21.7,21.5,2.96K,-1.38%
9-Dec-16,21.8,23,23,21.8,14.15K,-1.80%
8-Dec-16,22.2,22.2,22.2,22.2,0.20K,0.00%
6-Dec-16,22.2,22.3,22.3,22.2,1.50K,-0.45%
5-Dec-16,22.3,22.5,23,22.3,2.61K,0.90%
2-Dec-16,22.1,22.1,22.1,22.1,0.50K,-3.91%
1-Dec-16,23,22.5,23,22.5,2.59K,4.07%
30-Nov-16,22.1,22.1,22.1,22.1,0.80K,-0.45%
29-Nov-16,22.2,22.2,22.2,22.2,3.28K,0.00%
28-Nov-16,22.2,22.7,23,22.2,4.18K,-0.45%
24-Nov-16,22.3,24.5,24.5,22.3,0.40K,-8.23%
23-Nov-16,24.3,24.5,24.5,24.3,0.13K,3.40%
22-Nov-16,23.5,25,25,23.5,0.80K,-6.00%
21-Nov-16,25,24.1,25.2,24.1,114.50K,4.17%
18-Nov-16,24,24.8,24.9,24,36.70K,-3.23%
17-Nov-16,24.8,23,24.8,23,72.18K,4.20%
16-Nov-16,23.8,23.7,23.9,23.5,6.54K,1.28%
15-Nov-16,23.5,23.5,23.5,23.5,46.01K,2.17%
11-Nov-16,23,23,23,23,1.30K,0.00%
10-Nov-16,23,23.1,23.1,22.2,21.58K,0.00%
9-Nov-16,23,22.5,23.1,22.5,145.57K,4.07%
8-Nov-16,22.1,22,22.5,22,17.36K,0.45%
7-Nov-16,22,22,22,21.5,6.90K,0.00%
4-Nov-16,22,22,22,22,3.25K,0.00%
3-Nov-16,22,21.8,22,21.8,10.08K,1.38%
2-Nov-16,21.7,21.9,21.9,21.5,3.00K,0.46%
1-Nov-16,21.6,21.6,21.6,20.9,11.50K,-0.46%
28-Oct-16,21.7,21.7,21.7,21.7,0.50K,0.00%
27-Oct-16,21.7,21.1,21.7,21.1,9.39K,0.93%
26-Oct-16,21.5,21.5,21.9,21.4,238.74K,1.42%
25-Oct-16,21.2,20.4,21.5,20.4,68.38K,4.95%
20-Oct-16,20.2,20.5,20.5,20.2,1.00K,-1.46%
18-Oct-16,20.5,20.5,20.5,20.5,1.50K,-2.38%
17-Oct-16,21,20.5,21,20.5,10.51K,-2.78%
12-Oct-16,21.6,21.6,21.6,21.6,4.40K,-1.37%
11-Oct-16,21.9,21.6,21.9,21.6,0.23K,-0.45%
10-Oct-16,22,21.6,22,21.6,1.65K,0.00%
7-Oct-16,22,22,22,22,3.15K,-2.22%
4-Oct-16,22.5,22.4,22.5,22.4,0.50K,0.00%
3-Oct-16,22.5,21.1,22.5,21.1,2.07K,2.27%
30-Sep-16,22,21.9,22,21.9,745.76K,0.00%
29-Sep-16,22,21.7,22,21.4,134.11K,0.92%
28-Sep-16,21.8,21,21.8,21,31.20K,5.31%
27-Sep-16,20.7,20.7,20.7,20.7,1.94K,-4.61%
26-Sep-16,21.7,20.7,21.7,20.6,21.77K,3.83%
23-Sep-16,20.9,20.9,20.9,20.9,0.10K,-0.48%
22-Sep-16,21,20.6,21,20.6,3.20K,0.96%
21-Sep-16,20.8,20.8,20.8,20.8,0.50K,0.97%
20-Sep-16,20.6,21,21,20.6,0.40K,-1.90%
19-Sep-16,21,21,21.4,21,97.90K,0.00%
15-Sep-16,21,21,21,21,0.10K,1.45%
14-Sep-16,20.7,20.7,20.7,20.7,0.04K,-0.48%
13-Sep-16,20.8,20.8,20.8,20.8,0.50K,-3.26%
9-Sep-16,21.5,21.5,21.5,20.9,5.02K,0.00%
8-Sep-16,21.5,21.5,21.5,21.5,5.00K,0.00%
7-Sep-16,21.5,20.9,21.5,20.9,1.24K,2.38%
6-Sep-16,21,21,21,21,2.00K,-3.23%
5-Sep-16,21.7,20.7,21.7,20.7,0.62K,-0.46%
2-Sep-16,21.8,20.5,21.8,20.5,22.60K,0.00%
1-Sep-16,21.8,20.4,21.8,20.4,3.32K,1.40%
31-Aug-16,21.5,21,21.5,20,4.50K,0.00%
30-Aug-16,21.5,21.5,21.5,21.5,0.10K,-0.92%
29-Aug-16,21.7,21.5,21.7,21,122.99K,0.93%
26-Aug-16,21.5,20.6,21.5,20.5,5.90K,0.00%
25-Aug-16,21.5,20.7,21.5,20.5,2.03K,0.00%
24-Aug-16,21.5,21.5,21.5,20.6,2.70K,0.00%
23-Aug-16,21.5,20.7,21.5,20.5,0.90K,0.00%
22-Aug-16,21.5,21,21.5,20.8,7.08K,0.00%
19-Aug-16,21.5,21.5,21.5,21.5,0.02K,2.87%
18-Aug-16,20.9,21.5,21.5,20.9,0.02K,-4.57%
16-Aug-16,21.9,21.9,21.9,21.9,0.19K,0.00%
15-Aug-16,21.9,21,21.9,21,4.80K,0.00%
12-Aug-16,21.9,21.8,21.9,20.8,14.61K,0.46%
11-Aug-16,21.8,20.7,21.8,20.7,0.70K,-0.46%
10-Aug-16,21.9,20.6,21.9,20.6,10.67K,1.86%
9-Aug-16,21.5,21.1,21.5,20.9,7.97K,-1.83%
5-Aug-16,21.9,21.1,21.9,21.1,1.37K,3.79%
4-Aug-16,21.1,21.8,22,21.1,10.01K,0.48%
3-Aug-16,21,21,21,21,0.05K,-3.67%
2-Aug-16,21.8,21.1,21.8,21.1,0.75K,-0.91%
29-Jul-16,22,21.9,22,20.9,2.36K,0.00%
28-Jul-16,22,20.9,22,20.9,2.00K,2.33%
27-Jul-16,21.5,22,22,21.4,0.51K,-2.27%
26-Jul-16,22,22,22,21,3.12K,0.00%
25-Jul-16,22,21.9,22,20.7,6.20K,0.46%
22-Jul-16,21.9,20.3,21.9,20.3,4.04K,0.00%
21-Jul-16,21.9,20.4,21.9,20.4,2.70K,0.00%
20-Jul-16,21.9,21,22,21,2.61K,2.34%
15-Jul-16,21.4,20.3,21.4,20.3,2.50K,0.00%
12-Jul-16,21.4,20.7,21.4,20.7,2.51K,-0.47%
11-Jul-16,21.5,20.5,21.5,20.5,2.19K,2.38%
8-Jul-16,21,21,21,20.5,1.41K,-1.87%
7-Jul-16,21.4,20,21.4,20,0.01K,-0.93%
5-Jul-16,21.6,21.6,21.6,21.6,0.04K,-1.37%
4-Jul-16,21.9,20.5,21.9,20.3,6.00K,-0.45%
30-Jun-16,22,21.7,22,21.7,234.15K,1.85%
29-Jun-16,21.6,21.5,21.8,21.2,339.75K,1.41%
28-Jun-16,21.3,20.5,21.5,20.5,64.84K,1.91%
27-Jun-16,20.9,20.9,20.9,20.9,0.00K,-0.48%
24-Jun-16,21,20.4,21,20.4,13.35K,0.48%
23-Jun-16,20.9,20.5,20.9,20.5,8.88K,0.00%
22-Jun-16,20.9,20.3,20.9,20,30.53K,1.95%
21-Jun-16,20.5,20.5,20.5,20.1,2.60K,1.99%
17-Jun-16,20.1,20.8,20.8,20.1,1.25K,-0.99%
16-Jun-16,20.3,20.9,21,20.3,501.28K,1.00%
15-Jun-16,20.1,21,21,20.1,0.40K,-4.29%
14-Jun-16,21,21.5,21.5,20.3,219.25K,0.00%
13-Jun-16,21,21,21,21,30.00K,0.00%
10-Jun-16,21,21.2,21.2,21,0.40K,-3.67%
9-Jun-16,21.8,21.8,21.8,21.8,0.20K,-0.46%
8-Jun-16,21.9,21.2,21.9,21.2,1.71K,3.79%
7-Jun-16,21.1,21.1,22,21,4.79K,-0.47%
6-Jun-16,21.2,21.2,21.2,21.2,0.09K,-3.64%
3-Jun-16,22,20,22.1,20,6.37M,5.26%
2-Jun-16,20.9,20.9,20.9,20.9,0.00K,1.95%
1-Jun-16,20.5,20.5,20.5,20.5,0.06K,-1.44%
31-May-16,20.8,19.5,20.8,19.5,0.26K,-0.95%
30-May-16,21,20,21,20,40.14K,4.48%
27-May-16,20.1,20.1,20.1,20,3.21K,0.50%
25-May-16,20,20.1,20.1,20,1.00K,0.00%
24-May-16,20,21,21,20,7.10K,-1.48%
20-May-16,20.3,20.3,20.3,20.3,0.20K,-3.33%
19-May-16,21,20.7,21,20.7,0.70K,-4.11%
18-May-16,21.9,20.7,21.9,20.7,11.50K,1.86%
16-May-16,21.5,21.5,21.9,21,2.22K,2.38%
13-May-16,21,21,21.5,21,6.00K,-2.33%
12-May-16,21.5,20.8,22.1,20.8,251.92K,2.87%
11-May-16,20.9,20.9,20.9,20.9,1.28K,-0.48%
10-May-16,21,21,21.4,20.2,3.02K,0.00%
9-May-16,21,20.3,21,20.1,1.33K,3.45%
6-May-16,20.3,21,21,20.3,10.59K,-0.98%
5-May-16,20.5,20.5,20.7,20.5,8.92K,-2.38%
4-May-16,21,21.4,21.5,21,2.49K,0.00%
3-May-16,21,21.2,21.4,21,1.50K,0.00%
29-Apr-16,21,20.4,21,20.4,4.30K,0.00%
28-Apr-16,21,20.1,21,20.1,3.30K,-0.94%
27-Apr-16,21.2,20.2,21.4,20,2.70K,-1.40%
26-Apr-16,21.5,20.2,21.5,20.2,7.91K,2.38%
25-Apr-16,21,21,21,21,0.50K,-0.47%
22-Apr-16,21.1,20.6,21.1,20.4,4.20K,2.43%
20-Apr-16,20.6,20.6,20.6,20.6,4.00K,-1.90%
18-Apr-16,21,20.7,21,20.7,0.14K,4.48%
15-Apr-16,20.1,20.2,20.2,20.1,0.38K,-6.51%
12-Apr-16,21.5,20.1,21.5,20.1,0.77K,0.47%
11-Apr-16,21.4,21.4,21.4,21.4,0.02K,6.47%
8-Apr-16,20.1,20.1,20.1,20.1,2.00K,-6.51%
7-Apr-16,21.5,21.5,21.5,21.5,0.01K,0.00%
5-Apr-16,21.5,20.1,21.5,20.1,2.04K,7.50%
1-Apr-16,20,21.2,21.2,20,0.49K,-6.10%
31-Mar-16,21.3,21.4,21.8,20.1,335.90K,0.47%
30-Mar-16,21.2,20.2,21.3,20.2,99.34K,4.95%
29-Mar-16,20.2,18.6,20.2,18.5,22.23K,2.02%
28-Mar-16,19.8,19.2,19.8,19,0.70K,0.00%
24-Mar-16,19.8,19.8,19.8,19.8,0.94K,0.00%
23-Mar-16,19.8,19.8,19.8,19.8,0.90K,1.54%
21-Mar-16,19.5,20.5,20.5,19.4,0.19K,2.09%
18-Mar-16,19.1,19,20.9,18.5,2.00K,0.53%
17-Mar-16,19,19.5,19.5,18.1,10.80K,-1.55%
16-Mar-16,19.3,19.5,19.5,19,11.81K,-2.03%
15-Mar-16,19.7,19,19.7,19,0.20K,3.68%
14-Mar-16,19,17.5,19.7,17.2,5.10K,0.00%
11-Mar-16,19,19.9,19.9,19,600.12K,2.70%
10-Mar-16,18.5,17.9,18.5,17.9,1.40K,2.78%
9-Mar-16,18,17.2,18,16.1,67.45K,5.88%
8-Mar-16,17,18,18,17,8.03K,-8.11%
4-Mar-16,18.5,18,18.5,18,16.39K,0.00%
3-Mar-16,18.5,18.6,18.6,18.5,0.33K,0.00%
2-Mar-16,18.5,18.5,18.5,18.5,14.08K,-4.15%
1-Mar-16,19.3,19,19.3,18.5,12.52K,1.58%
29-Feb-16,19,19,19.5,19,0.12K,0.00%
26-Feb-16,19,19,19,19,1.90K,-1.04%
25-Feb-16,19.2,19.5,19.5,18.9,2.00K,1.05%
24-Feb-16,19,19.5,19.5,19,2.10K,-2.06%
23-Feb-16,19.4,19.4,19.4,19.4,0.99K,-0.51%
19-Feb-16,19.5,19.5,19.5,19.5,0.11K,3.17%
18-Feb-16,18.9,19.4,19.4,18.9,0.70K,-2.58%
17-Feb-16,19.4,19.1,19.4,19,18.59K,1.57%
16-Feb-16,19.1,19.7,19.7,19.1,1.20K,0.53%
15-Feb-16,19,19.5,19.9,19,9.54K,-2.56%
12-Feb-16,19.5,19.1,19.5,19,5.10K,1.56%
11-Feb-16,19.2,19.2,19.9,19.2,3.55K,-3.52%
10-Feb-16,19.9,19.5,20,19.3,5.55K,1.53%
9-Feb-16,19.6,20,20,19.5,46.35K,-0.51%
8-Feb-16,19.7,19.7,19.7,19.7,0.10K,-2.48%
5-Feb-16,20.2,20.2,20.2,20.2,0.10K,1.51%
3-Feb-16,19.9,20.3,20.3,19.1,1.03K,1.02%
2-Feb-16,19.7,19.8,20,19.1,3.27K,0.00%
1-Feb-16,19.7,19.7,19.7,19.7,0.00K,3.68%
29-Jan-16,19,19.5,19.5,19,75.39K,-3.55%
27-Jan-16,19.7,18.8,19.8,18.7,13.40K,3.68%
26-Jan-16,19,18.7,19,18.7,3.20K,1.60%
25-Jan-16,18.7,18.7,18.7,18.7,0.50K,-4.10%
22-Jan-16,19.5,19.5,19.5,19.5,1.00K,0.00%
21-Jan-16,19.5,19.2,19.7,19.2,2.99K,1.04%
20-Jan-16,19.3,19.4,19.4,18.2,26.00K,0.00%
19-Jan-16,19.3,19,19.3,18.3,32.24K,1.58%
18-Jan-16,19,19.1,19.1,19,12.89K,-4.52%
14-Jan-16,19.9,20,20,19.1,25.02K,2.05%
13-Jan-16,19.5,19.2,19.9,19.1,75.34K,1.56%
12-Jan-16,19.2,20.5,20.5,19.1,27.34K,-5.88%
11-Jan-16,20.4,20.5,20.5,20.4,9.05K,-0.49%
8-Jan-16,20.5,20.7,20.7,20.5,11.06K,-1.44%
7-Jan-16,20.8,21.6,21.6,20.8,0.21K,0.48%
6-Jan-16,20.7,20.7,20.7,20.7,0.05K,-1.43%
5-Jan-16,21,21.5,21.5,21,0.34K,-2.33%
4-Jan-16,21.5,22.2,22.2,21.5,0.90K,-2.27%
31-Dec-15,22,21.5,22,21.5,437.95K,1.38%
30-Dec-15,21.7,21.4,21.7,21.4,1.16K,1.88%
29-Dec-15,21.3,21.3,21.3,21.3,1.28K,3.90%
28-Dec-15,20.5,20.5,20.5,20.5,0.10K,-3.30%
23-Dec-15,21.2,20.6,21.2,20.5,0.61K,0.00%
22-Dec-15,21.2,21.2,21.2,21.2,0.01K,0.00%
21-Dec-15,21.2,20.6,21.2,20.6,0.11K,0.00%
18-Dec-15,21.2,20.6,21.2,20.5,3.01K,3.41%
17-Dec-15,20.5,21,21,20.5,11.19K,-2.38%
16-Dec-15,21,21.3,21.3,20.4,0.03K,0.00%
15-Dec-15,21,20.4,21,20.3,2.74K,-1.87%
14-Dec-15,21.4,21.5,21.5,20.3,0.12K,4.90%
11-Dec-15,20.4,20.2,20.9,20.2,0.99K,0.00%
10-Dec-15,20.4,20.2,20.4,20,17.06K,0.00%
9-Dec-15,20.4,20.9,20.9,20.4,5.01K,-2.39%
7-Dec-15,20.9,20.4,20.9,20.4,3.10K,-0.48%
4-Dec-15,21,21,21,21,0.50K,-3.67%
3-Dec-15,21.8,21.9,21.9,21.8,4.61K,-0.46%
2-Dec-15,21.9,20.7,21.9,20.7,0.11K,0.00%
1-Dec-15,21.9,21.9,21.9,21.9,0.20K,5.29%
30-Nov-15,20.8,20.8,20.8,20.8,0.30K,-5.02%
27-Nov-15,21.9,21.9,21.9,21.6,8.85K,6.31%
26-Nov-15,20.6,21.2,21.2,20.6,1.35K,-6.36%
23-Nov-15,22,22,22,21.5,183.27K,0.00%
20-Nov-15,22,21.2,22,21.2,0.13K,4.76%
19-Nov-15,21,21,22,21,0.84K,-4.55%
17-Nov-15,22,21,22,21,0.26K,0.00%
16-Nov-15,22,21.9,22,21.9,2.00K,4.76%
13-Nov-15,21,21.7,21.7,21,0.63K,-4.55%
12-Nov-15,22,21.9,23,21.9,95.46K,4.27%
11-Nov-15,21.1,21.1,21.1,21,3.31K,0.00%
9-Nov-15,21.1,20.7,21.9,20.6,6.59K,-4.09%
6-Nov-15,22,20.9,22,20.9,5.98K,0.00%
4-Nov-15,22,21.3,22,21.3,198.80K,4.76%
3-Nov-15,21,21,22,21,6.48K,0.00%
2-Nov-15,21,21.8,21.8,21,0.22K,0.00%
30-Oct-15,21,21.1,21.7,21,46.46K,0.00%
29-Oct-15,21,21.5,21.5,21,54.53K,-0.94%
28-Oct-15,21.2,21.2,21.2,21.2,0.10K,-2.75%
23-Oct-15,21.8,20.6,21.8,20.6,5.64K,3.81%
22-Oct-15,21,21,21,21,0.90K,-2.33%
21-Oct-15,21.5,21,21.5,20.5,4.00K,2.38%
20-Oct-15,21,20.5,21.5,20.5,1.16K,-3.67%
19-Oct-15,21.8,21.8,21.8,21.8,0.00K,3.81%
16-Oct-15,21,21,21,21,7.10K,0.00%
15-Oct-15,21,21,21,21,0.15K,0.00%
14-Oct-15,21,21,21.5,21,6.81K,-0.94%
13-Oct-15,21.2,21.1,21.2,21.1,6.60K,0.95%
12-Oct-15,21,21.5,21.5,21,32.10K,-3.67%
9-Oct-15,21.8,21.1,21.8,21,2.20K,3.81%
8-Oct-15,21,21.6,21.9,21,21.20K,-4.11%
7-Oct-15,21.9,21.9,21.9,21.9,0.01K,-1.35%
6-Oct-15,22.2,21.5,22.2,21.5,0.23K,3.74%
5-Oct-15,21.4,21.9,22.2,21.4,3.55K,-2.73%
2-Oct-15,22,21.6,22,21.6,10.00K,0.00%
1-Oct-15,22,21.9,22.3,21.9,50.51K,0.46%
30-Sep-15,21.9,21.4,22,21.3,329.78K,1.86%
29-Sep-15,21.5,21.2,21.5,21,52.90K,4.88%
28-Sep-15,20.5,21,21.3,20.5,2.72K,-0.49%
25-Sep-15,20.6,20.8,21,20.6,0.73K,0.49%
23-Sep-15,20.5,20.8,20.9,20.1,5.59K,-1.91%
22-Sep-15,20.9,20.2,20.9,20.2,0.01K,0.00%
21-Sep-15,20.9,21,21,20,8.27K,-0.48%
17-Sep-15,21,21,21,21,0.56K,-2.33%
16-Sep-15,21.5,21,21.5,21,5.50K,2.38%
15-Sep-15,21,21.5,21.5,21,0.86K,0.00%
14-Sep-15,21,20.8,21,20.5,1.75K,-1.87%
11-Sep-15,21.4,20.7,21.5,20.7,7.51K,3.88%
10-Sep-15,20.6,21,21.3,20.5,2.51K,-1.90%
9-Sep-15,21,21,21,21,3.80K,2.44%
8-Sep-15,20.5,20.5,20.5,20.5,0.14K,-2.38%
7-Sep-15,21,22.2,22.2,21,1.55K,-5.41%
3-Sep-15,22.2,22.2,22.2,21.1,0.61K,-0.89%
1-Sep-15,22.4,22,22.4,21.5,4.28K,1.82%
31-Aug-15,22,22.4,22.4,22,0.21K,4.27%
28-Aug-15,21.1,22.4,22.4,21.1,1.44K,-5.80%
27-Aug-15,22.4,21.8,22.4,21,33.41K,6.16%
26-Aug-15,21.1,21.2,21.2,21.1,0.48K,0.00%
25-Aug-15,21.1,21.8,21.8,21.1,9.31K,-4.09%
24-Aug-15,22,21.7,22.5,21.7,22.82K,-2.22%
21-Aug-15,22.5,22,22.5,21.7,8.20K,2.27%
20-Aug-15,22,22.5,22.5,21,47.71K,-2.22%
19-Aug-15,22.5,23,23,22.5,3.26K,-3.02%
18-Aug-15,23.2,22.7,23.5,22.7,1.61K,-0.43%
14-Aug-15,23.3,23,23.4,23,81.79K,1.30%
13-Aug-15,23,23,23.5,22.9,3.65K,0.00%
12-Aug-15,23,23.1,23.1,23,2.31K,0.00%
11-Aug-15,23,22.9,23.5,22.5,216.55K,0.00%
10-Aug-15,23,22.2,23,22.1,27.71K,1.77%
7-Aug-15,22.6,23.1,23.1,22.6,26.85K,-2.16%
6-Aug-15,23.1,23.5,23.8,23.1,72.97K,-1.70%
5-Aug-15,23.5,22.3,23.8,22.3,370.56K,6.82%
4-Aug-15,22,22.7,22.7,21.5,775.63K,-2.65%
3-Aug-15,22.6,21.6,23,21.2,54.38K,6.60%
30-Jul-15,21.2,21.1,21.6,21,625.56K,-1.85%
29-Jul-15,21.6,20.7,21.6,20.7,589.46K,0.93%
28-Jul-15,21.4,20.7,21.5,20.6,10.03K,3.38%
27-Jul-15,20.7,21.1,21.1,20.7,14.85K,-1.43%
24-Jul-15,21,20.7,21.5,20.6,22.43K,0.96%
23-Jul-15,20.8,20.8,21.2,20.8,1.85K,0.00%
22-Jul-15,20.8,20.6,21.2,20.6,8.35K,-2.35%
20-Jul-15,21.3,20.3,21.3,20.3,8.93K,1.43%
17-Jul-15,21,20.2,21.3,20.2,19.71K,-1.87%
16-Jul-15,21.4,20.2,21.4,20.1,4.70K,6.47%
15-Jul-15,20.1,20,20.1,20,7.80K,-1.47%
13-Jul-15,20.4,20,20.4,20,3.13K,2.00%
10-Jul-15,20,20,20,20,20.00K,0.50%
9-Jul-15,19.9,19.9,19.9,19.9,0.70K,0.00%
8-Jul-15,19.9,20,20,19.9,0.60K,-0.50%
7-Jul-15,20,20,20,19.9,15.18K,-0.50%
6-Jul-15,20.1,20,20.1,19.8,31.78K,0.50%
3-Jul-15,20,20.1,20.1,20,0.10K,0.00%
2-Jul-15,20,20,20,20,4.30K,-3.38%
30-Jun-15,20.7,20,20.7,20,3.20K,3.50%
29-Jun-15,20,20.9,20.9,20,16.49K,-0.50%
26-Jun-15,20.1,20.1,20.1,20.1,3.00K,0.50%
25-Jun-15,20,20,20,20,7.10K,-0.50%
24-Jun-15,20.1,20.1,20.1,20.1,0.50K,0.50%
23-Jun-15,20,20,20.6,19.7,10.00K,0.00%
22-Jun-15,20,20.3,20.9,20,22.18K,-2.91%
19-Jun-15,20.6,21,21,20.4,6.73K,1.98%
18-Jun-15,20.2,21,21,20.2,2.61K,-3.81%
17-Jun-15,21,20.2,21,20.2,1.30K,3.96%
16-Jun-15,20.2,20.5,21.1,20.2,10.00K,-0.98%
15-Jun-15,20.4,20.4,20.4,20.4,0.50K,0.49%
12-Jun-15,20.3,20.3,20.3,20.3,0.20K,-3.33%
11-Jun-15,21,20.9,21,20.7,17.10K,0.00%
10-Jun-15,21,20.1,21,20.1,0.60K,0.96%
9-Jun-15,20.8,20.5,20.8,20,11.82K,-2.80%
8-Jun-15,21.4,21.4,21.4,20.8,1.04K,-0.47%
5-Jun-15,21.5,20.5,21.5,20.5,6.94K,4.37%
4-Jun-15,20.6,21.2,21.7,20.6,8.22K,-4.19%
3-Jun-15,21.5,21.2,21.5,21.2,0.51K,-2.27%
1-Jun-15,22,21.5,22,21.5,7.40K,2.33%
29-May-15,21.5,21.2,21.7,21.1,6.50K,-0.92%
28-May-15,21.7,21.2,21.7,21.2,4.50K,0.46%
27-May-15,21.6,21.6,21.9,21.6,30.50K,-1.37%
26-May-15,21.9,21.8,21.9,21.1,11.08K,1.39%
25-May-15,21.6,21.5,21.6,21.5,7.74K,-0.46%
22-May-15,21.7,21.8,21.8,20.7,5.38K,2.84%
21-May-15,21.1,21.8,21.8,21,43.76K,-1.86%
20-May-15,21.5,21,21.5,21,0.43K,-1.38%
19-May-15,21.8,21.5,21.8,21,1.58K,-0.46%
18-May-15,21.9,21,21.9,20.9,1.97K,4.29%
15-May-15,21,20.6,21.9,20.6,8.81K,-2.33%
14-May-15,21.5,21.5,21.5,21.5,0.10K,-1.38%
13-May-15,21.8,21.5,21.8,21.3,10.10K,-0.91%
12-May-15,22,21,22,21,10.55K,1.85%
11-May-15,21.6,21.6,21.6,21.6,0.10K,-0.46%
8-May-15,21.7,21.7,21.7,21.7,0.50K,2.36%
7-May-15,21.2,21,21.2,21,0.39K,0.00%
6-May-15,21.2,21.1,21.2,20.9,2.31K,-2.75%
5-May-15,21.8,21.1,21.8,21,3.35K,1.40%
30-Apr-15,21.5,21.8,21.8,21.5,2.43K,-1.38%
29-Apr-15,21.8,20.7,21.8,20.7,4.80K,6.34%
28-Apr-15,20.5,21.3,21.9,20.5,49.58K,-6.39%
27-Apr-15,21.9,21.2,21.9,21.2,0.10K,0.00%
24-Apr-15,21.9,21.2,21.9,21.2,5.20K,3.30%
23-Apr-15,21.2,21.2,21.2,21.2,0.28K,-3.20%
22-Apr-15,21.9,21.2,21.9,21.2,6.32K,-0.45%
21-Apr-15,22,21.2,22,21.2,5.30K,4.27%
20-Apr-15,21.1,21.2,21.2,21.1,1.40K,-4.09%
17-Apr-15,22,21.9,22,21.9,10.23K,0.00%
16-Apr-15,22,21.8,22.5,21.8,9.64K,2.33%
15-Apr-15,21.5,21.5,21.5,21.5,-,-1.38%
10-Apr-15,21.8,20.8,21.8,20.8,17.00K,-0.46%
9-Apr-15,21.9,21,21.9,21,2.89K,2.34%
8-Apr-15,21.4,21.2,21.5,20.6,2.60K,-2.73%
7-Apr-15,22,21.5,22,21.5,16.51K,-1.35%
6-Apr-15,22.3,22.3,22.3,22.3,0.10K,3.24%
2-Apr-15,21.6,21.1,22,21.1,1.24K,-4.00%
1-Apr-15,22.5,22.2,22.5,22.2,9.28K,2.27%
31-Mar-15,22,21.4,22,20,133.23K,2.33%
30-Mar-15,21.5,21.2,21.5,20.4,31.62K,5.91%
27-Mar-15,20.3,21.3,21.3,20.3,2.41K,-3.33%
26-Mar-15,21,20.4,21,20.4,1.21K,-1.87%
25-Mar-15,21.4,20.8,21.4,20.5,4.60K,1.90%
24-Mar-15,21,20.8,21.1,20.8,5.16K,0.48%
23-Mar-15,20.9,20.9,20.9,20.7,5.70K,-4.57%
20-Mar-15,21.9,21.9,21.9,21.9,1.12K,0.92%
19-Mar-15,21.7,21.7,21.7,21.7,1.84K,0.00%
18-Mar-15,21.7,21.8,22,20.8,25.90K,0.00%
17-Mar-15,21.7,20.7,21.8,20.6,5.98K,3.33%
16-Mar-15,21,20.7,21.4,20.7,2.10K,0.00%
13-Mar-15,21,21,21,21,1.77K,0.00%
12-Mar-15,21,20.3,21,20.2,32.71K,0.96%
11-Mar-15,20.8,20.9,20.9,20.4,12.49K,0.00%
10-Mar-15,20.8,20.9,20.9,20.8,0.50K,-2.80%
9-Mar-15,21.4,21.1,21.5,21,132.22K,-0.47%
6-Mar-15,21.5,21.4,21.8,21.2,5.87K,-0.92%
4-Mar-15,21.7,21.8,22,21.5,20.05K,-3.12%
3-Mar-15,22.4,21.5,22.8,21.5,13.63K,1.82%
2-Mar-15,22,21.2,22,20.9,74.13K,4.76%
27-Feb-15,21,22,22,21,39.21K,-4.55%
26-Feb-15,22,21.5,22.4,21.5,55.45K,0.00%
25-Feb-15,22,21.5,22.4,20.7,70.09K,3.77%
24-Feb-15,21.2,21.4,22.4,21.2,1.55K,-1.40%
23-Feb-15,21.5,21.4,21.5,21.4,0.20K,-1.38%
20-Feb-15,21.8,21.5,21.8,21.2,18.37K,-3.11%
19-Feb-15,22.5,22,22.9,21.4,3.60K,2.74%
18-Feb-15,21.9,21.9,22,21.9,9.33K,2.34%
16-Feb-15,21.4,21.9,21.9,21.4,3.12K,-0.47%
13-Feb-15,21.5,21.5,21.5,21.5,-,0.00%
12-Feb-15,21.5,21.6,21.6,21.5,1.29K,-0.46%
11-Feb-15,21.6,22,22,21.3,25.85K,1.89%
10-Feb-15,21.2,21.1,21.3,21.1,1.91K,0.95%
9-Feb-15,21,22.1,22.1,21,1.31K,-5.41%
6-Feb-15,22.2,20.6,22.2,20.6,0.65K,7.77%
5-Feb-15,20.6,22,22,20.6,14.86K,-1.90%
2-Feb-15,21,21.1,21.1,21,5.10K,-5.41%
30-Jan-15,22.2,21.6,22.2,21,5.71K,0.91%
29-Jan-15,22,22,22,21.8,18.00K,-0.45%
28-Jan-15,22.1,22.2,22.2,21.7,1.10K,2.79%
27-Jan-15,21.5,21.5,21.5,20.5,156.12K,-0.46%
26-Jan-15,21.6,22,22.2,21.6,1.28K,-1.82%
23-Jan-15,22,22,22,21.8,21.14K,-0.90%
22-Jan-15,22.2,21.7,22.3,21.6,1.94K,1.83%
21-Jan-15,21.8,21.8,21.8,21.8,0.25K,-0.46%
20-Jan-15,21.9,22,22.4,21.9,1.70K,0.00%
19-Jan-15,21.9,22,22.6,21.9,1.82K,-0.45%
16-Jan-15,22,22.1,22.5,22,4.40K,0.00%
13-Jan-15,22,22.5,22.5,22,5.90K,-3.08%
12-Jan-15,22.7,24.3,24.4,22.7,14.41K,-1.73%
9-Jan-15,23.1,23.3,24.4,23,36.83K,0.43%
8-Jan-15,23,22.5,23.4,22.5,16.82K,3.14%
7-Jan-15,22.3,22.9,23.3,22.3,57.14K,-3.04%
6-Jan-15,23,22.9,23.4,22.5,10.92K,2.22%
2-Jan-15,22.5,22,22.5,22,6.70K,2.27%
31-Dec-14,22,22.2,22.2,22,46.31K,-3.93%
30-Dec-14,22.9,23,23,22.3,7.60K,0.44%
29-Dec-14,22.8,22.8,22.8,22.8,0.01K,-0.87%
26-Dec-14,23,23.3,23.3,22.5,1.61K,3.60%
24-Dec-14,22.2,23.3,23.4,22.2,0.21K,0.91%
23-Dec-14,22,22,22,22,-,0.00%
22-Dec-14,22,21.8,22,21.7,3.02K,1.38%
19-Dec-14,21.7,21.7,21.7,21.7,-,-0.46%
18-Dec-14,21.8,21.8,21.8,21.7,4.61K,-0.91%
17-Dec-14,22,22.5,22.5,22,1.88K,-2.22%
16-Dec-14,22.5,22.5,22.5,22.5,0.21K,2.27%
15-Dec-14,22,22.2,22.7,22,18.40K,-3.08%
12-Dec-14,22.7,22,22.7,22,0.69K,3.18%
11-Dec-14,22,22.1,22.7,22,13.21K,-0.45%
10-Dec-14,22.1,23,23,22.1,0.30K,-5.15%
9-Dec-14,23.3,22.7,23.3,22.1,2.40K,0.00%
8-Dec-14,23.3,22.2,23.3,21.7,43.81K,3.56%
5-Dec-14,22.5,22.8,23,22.2,7.73K,-2.17%
4-Dec-14,23,23,23,23,0.08K,-3.36%
3-Dec-14,23.8,23.9,23.9,23,5.10K,0.00%
2-Dec-14,23.8,22.7,23.8,22.7,0.73K,3.48%
1-Dec-14,23,23,23,22.5,9.07K,0.44%
28-Nov-14,22.9,22,22.9,22,3.49K,6.02%
27-Nov-14,21.6,22.9,22.9,21.5,38.04K,-4.00%
26-Nov-14,22.5,23,23,22.5,26.99K,-2.17%
25-Nov-14,23,23,23,23,11.71K,0.44%
24-Nov-14,22.9,23.9,23.9,22.5,19.96K,-3.38%
21-Nov-14,23.7,25,25,23.2,23.60K,-2.87%
20-Nov-14,24.4,24.5,24.9,24.4,7.72K,-0.81%
19-Nov-14,24.6,25.7,25.7,24.4,18.60K,-3.53%
18-Nov-14,25.5,25.4,26.3,24.4,30.77K,2.00%
17-Nov-14,25,24.4,27.5,22,24.29K,2.46%
14-Nov-14,24.4,24.4,24.9,24.3,9.47K,0.83%
13-Nov-14,24.2,24.5,24.5,24.1,38.52K,-3.20%
12-Nov-14,25,25,25.8,24.6,15.80K,0.00%
11-Nov-14,25,24.7,25,24.7,15.26K,0.40%
10-Nov-14,24.9,25.9,26,24.5,73.28K,-2.35%
7-Nov-14,25.5,25.5,26,25.5,46.22K,-1.54%
5-Nov-14,25.9,25,26.4,25,85.28K,2.37%
4-Nov-14,25.3,25.5,25.8,24.6,34.74K,-2.32%
3-Nov-14,25.9,25.5,26.5,25.1,39.16K,1.57%
31-Oct-14,25.5,26.7,26.7,25.5,118.98K,-4.49%
30-Oct-14,26.7,26.7,27,25.6,104.27K,0.00%
29-Oct-14,26.7,24.6,28,24.5,1.46M,9.88%
28-Oct-14,24.3,22.8,24.6,22.8,186.94K,5.65%
27-Oct-14,23,23.1,23.1,23,6.88K,-3.77%
24-Oct-14,23.9,23.6,23.9,23.1,2.45K,3.02%
23-Oct-14,23.2,22.8,23.6,22.8,12.12K,-1.28%
21-Oct-14,23.5,23.5,23.8,22.5,32.37K,-1.26%
20-Oct-14,23.8,23.6,24.3,23.5,101.81K,1.28%
17-Oct-14,23.5,22.5,24.8,22.5,322.03K,2.17%
16-Oct-14,23,23,23,22.1,19.80K,-1.71%
15-Oct-14,23.4,22,23.8,22,112.60K,6.36%
14-Oct-14,22,21.2,22,21.1,17.40K,2.33%
13-Oct-14,21.5,22.5,22.5,21.2,51.59K,-4.87%
10-Oct-14,22.6,22.3,22.6,21.9,189.91K,1.35%
9-Oct-14,22.3,22.5,22.5,22.3,3.40K,-2.19%
7-Oct-14,22.8,22.5,22.9,22.3,28.65K,1.33%
3-Oct-14,22.5,22.6,22.9,22.5,50.79K,-0.44%
2-Oct-14,22.6,22.6,22.8,22.6,1.40K,-1.74%
1-Oct-14,23,22.5,23.1,22.5,7.73K,1.77%
30-Sep-14,22.6,22.4,24,22.1,80.55K,2.26%
29-Sep-14,22.1,22.2,22.4,22.1,20.68K,-0.45%
26-Sep-14,22.2,22.2,22.5,22.1,32.33K,0.00%
25-Sep-14,22.2,22.1,22.6,22.1,39.95K,-0.45%
24-Sep-14,22.3,22.2,22.6,22.1,32.31K,-2.19%
23-Sep-14,22.8,22.2,22.9,22.2,34.02K,1.33%
22-Sep-14,22.5,22.6,22.8,22.1,51.03K,-0.44%
19-Sep-14,22.6,22.7,23,22.5,41.72K,0.00%
18-Sep-14,22.6,22.7,22.8,22.6,11.85K,-1.31%
17-Sep-14,22.9,23,23.2,22.8,74.26K,-0.43%
16-Sep-14,23,24.3,24.3,23,63.65K,-4.17%
15-Sep-14,24,25,25.6,23.9,924.81K,-0.41%
12-Sep-14,24.1,22.4,24.2,22.1,2.15M,9.55%
11-Sep-14,22,21.8,22.2,21.6,2.80M,1.85%
10-Sep-14,21.6,21,21.8,20.6,108.41K,2.86%
9-Sep-14,21,21.5,21.5,21,103.20K,-0.94%
5-Sep-14,21.2,21.9,22,21,541.75K,-1.85%
4-Sep-14,21.6,21,22.1,21,1.88M,4.85%
3-Sep-14,20.6,20.5,21,20.4,44.54K,0.49%
2-Sep-14,20.5,20.8,20.8,20.4,6.77K,-0.97%
1-Sep-14,20.7,20.8,20.8,20.4,4.46K,0.49%
29-Aug-14,20.6,20.6,20.6,20.5,22.81K,-0.48%
28-Aug-14,20.7,20.8,20.8,20.6,7.66K,0.49%
27-Aug-14,20.6,20.6,20.7,20.5,11.03K,-1.44%
26-Aug-14,20.9,20.4,20.9,20.4,60.34K,1.46%
25-Aug-14,20.6,20.5,20.6,20.4,8.10K,0.49%
22-Aug-14,20.5,20.3,20.8,20.3,34.76K,0.99%
21-Aug-14,20.3,20.8,20.8,20.3,11.13K,-2.40%
20-Aug-14,20.8,20.9,20.9,20.7,3.10K,-0.48%
19-Aug-14,20.9,20.8,20.9,20.7,189.45K,1.95%
18-Aug-14,20.5,20.4,20.5,20.4,0.23K,0.49%
15-Aug-14,20.4,20.7,20.8,20.4,39.93K,-1.45%
14-Aug-14,20.7,20.9,20.9,20.7,147.77K,0.49%
13-Aug-14,20.6,20.8,20.8,20.6,37.08K,-0.96%
12-Aug-14,20.8,21.1,21.1,20.8,27.22K,-0.95%
11-Aug-14,21,20.8,21.2,20.8,324.53K,1.94%
8-Aug-14,20.6,20.4,20.7,20.4,256.15K,0.98%
7-Aug-14,20.4,21,22.2,20,6.86M,-7.27%
6-Aug-14,22,21.5,22,20.6,19.84K,2.33%
5-Aug-14,21.5,21.6,21.6,21.4,10.95K,-0.46%
4-Aug-14,21.6,22,22,21.6,0.70K,0.00%
1-Aug-14,21.6,22,22,21.5,3.31K,-0.46%
31-Jul-14,21.7,21.7,22,21.5,5.24K,-1.36%
30-Jul-14,22,21.6,22,21.5,2.49K,-2.22%
28-Jul-14,22.5,22.6,22.6,21.7,7.82K,-0.88%
25-Jul-14,22.7,22.2,22.7,22.1,12.60K,0.00%
24-Jul-14,22.7,22.8,22.9,22.1,9.64K,1.79%
23-Jul-14,22.3,22.5,22.7,22.3,17.36K,-1.76%
22-Jul-14,22.7,22.8,22.9,22.6,6.14K,0.00%
21-Jul-14,22.7,21.4,23,21.4,90.16K,5.58%
18-Jul-14,21.5,21.5,21.5,21.5,2.00K,-0.46%
17-Jul-14,21.6,21.5,21.6,21.5,12.00K,0.47%
16-Jul-14,21.5,21.3,21.5,21.3,8.65K,0.00%
15-Jul-14,21.5,21.1,21.9,21.1,12.11K,2.38%
14-Jul-14,21,21.5,21.5,21,5.10K,-0.47%
11-Jul-14,21.1,21.1,21.1,21.1,1.45K,0.00%
10-Jul-14,21.1,21,21.1,21,0.53K,-3.65%
9-Jul-14,21.9,21,21.9,21,8.32K,4.29%
8-Jul-14,21,20.8,21.3,20.7,7.60K,0.00%
7-Jul-14,21,21,21.2,21,8.33K,-1.41%
4-Jul-14,21.3,20.8,21.3,20.8,0.76K,0.95%
3-Jul-14,21.1,21.1,21.1,21.1,5.55K,-0.94%
2-Jul-14,21.3,20.5,21.4,20.5,14.98K,3.40%
1-Jul-14,20.6,20.6,20.6,20.6,-,-1.90%
30-Jun-14,21,20.4,21,20.4,9.05K,2.94%
27-Jun-14,20.4,20.5,20.5,20.3,0.39K,0.00%
26-Jun-14,20.4,20.3,20.4,20.2,3.90K,0.49%
25-Jun-14,20.3,20.3,20.3,20.3,1.60K,0.00%
24-Jun-14,20.3,20.5,20.5,20.3,4.10K,-0.98%
23-Jun-14,20.5,20.5,20.5,20.5,0.20K,-0.49%
20-Jun-14,20.6,21,21,20.5,9.10K,0.49%
19-Jun-14,20.5,20.6,20.6,20.5,5.96K,-2.38%
18-Jun-14,21,21,21,21,5.19K,2.44%
17-Jun-14,20.5,20.5,20.5,20.3,16.16K,-1.44%
16-Jun-14,20.8,21,21,20.4,1.45K,1.46%
13-Jun-14,20.5,20.4,20.5,20.4,1.20K,0.99%
11-Jun-14,20.3,20.4,20.4,20.3,0.60K,0.00%
10-Jun-14,20.3,20.4,20.4,20.3,0.60K,-0.49%
9-Jun-14,20.4,21.3,21.3,20.4,0.10K,0.00%
6-Jun-14,20.4,20.3,21.4,20.3,3.47K,0.99%
5-Jun-14,20.2,20.3,20.7,20.2,14.87K,-0.98%
4-Jun-14,20.4,20.6,20.6,20.4,13.18K,-0.49%
3-Jun-14,20.5,20.5,20.6,20.5,3.93K,-0.49%
2-Jun-14,20.6,20.6,20.6,20.6,-,-4.19%
30-May-14,21.5,21.4,21.5,20.3,8.60K,0.47%
29-May-14,21.4,21.4,21.4,21.4,2.01K,-0.47%
28-May-14,21.5,21.5,21.5,21.5,-,0.00%
27-May-14,21.5,21.3,21.5,21.2,2.26K,0.94%
26-May-14,21.3,21.4,21.4,21.3,0.52K,-0.93%
23-May-14,21.5,21.5,21.5,21.5,2.08K,-1.38%
22-May-14,21.8,21.6,21.8,21.6,251.26K,0.00%
21-May-14,21.8,21.8,21.8,21.8,-,0.00%
20-May-14,21.8,21.1,21.8,21.1,2.71K,3.81%
19-May-14,21,21,22,21,3.11K,0.00%
16-May-14,21,21.6,21.7,21,6.00K,-2.33%
13-May-14,21.5,21.7,21.7,21.5,5.38K,-1.38%
12-May-14,21.8,21.8,22,21.7,9.20K,-0.91%
9-May-14,22,21.7,22.1,21.7,25.64K,-1.79%
8-May-14,22.4,21.6,22.4,21.6,0.92K,1.82%
7-May-14,22,21.7,22.9,21.7,25.80K,3.29%
6-May-14,21.3,21.5,21.5,21.3,2.25K,-0.93%
5-May-14,21.5,21.5,22.2,21.5,5.06K,0.00%
2-May-14,21.5,22.2,22.2,21.5,29.79K,-3.59%
30-Apr-14,22.3,21.5,22.5,21.5,1.02K,-0.89%
29-Apr-14,22.5,22,22.5,22,14.27K,3.69%
28-Apr-14,21.7,21.3,22.5,21.2,131.73K,2.36%
25-Apr-14,21.2,20.6,22.5,20.5,175.56K,-0.47%
24-Apr-14,21.3,21.4,21.4,21,10.32K,-0.93%
23-Apr-14,21.5,20.6,21.5,20.5,15.70K,3.86%
22-Apr-14,20.7,21,21.4,20.7,1.76K,-2.36%
21-Apr-14,21.2,21.2,21.4,20.6,4.00K,0.95%
17-Apr-14,21,20.6,21.1,20.6,0.12K,2.44%
16-Apr-14,20.5,21.3,21.3,20.4,0.20K,-2.38%
11-Apr-14,21,20.8,21.4,20.2,31.87K,2.94%
10-Apr-14,20.4,20.9,21.5,20.4,56.56K,-0.49%
9-Apr-14,20.5,20.3,20.5,20.2,23.14K,-1.44%
8-Apr-14,20.8,20.6,20.8,20.2,3.05K,0.48%
7-Apr-14,20.7,21.9,21.9,20.7,4.74K,-3.72%
4-Apr-14,21.5,22.9,22.9,21.5,10.02K,-10.42%
3-Apr-14,24,21,25,20,662.50K,14.29%
2-Apr-14,21,20,21,20,13.61K,8.81%
1-Apr-14,19.3,19.3,19.3,19.3,-,0.00%
31-Mar-14,19.3,19.2,19.3,19.2,0.40K,-2.03%
28-Mar-14,19.7,19.8,19.8,19.7,2.27K,-1.50%
27-Mar-14,20,20,20.1,19.5,3.68K,1.01%
26-Mar-14,19.8,19.2,20,19.1,18.17K,3.12%
25-Mar-14,19.2,19.2,19.3,19.2,4.72K,-0.52%
24-Mar-14,19.3,19.3,19.3,19.2,4.61K,0.52%
21-Mar-14,19.2,19.5,19.9,19.2,1.97K,-0.52%
20-Mar-14,19.3,19.6,19.6,19.3,0.80K,1.05%
19-Mar-14,19.1,19.1,19.1,19.1,5.80K,0.00%
18-Mar-14,19.1,19.1,19.1,19.1,0.70K,0.00%
17-Mar-14,19.1,19.1,19.1,19.1,1.15K,-3.05%
14-Mar-14,19.7,19.2,19.8,18.8,23.32K,2.60%
13-Mar-14,19.2,19.4,19.4,19.2,2.10K,-1.54%
12-Mar-14,19.5,19.5,19.5,19.5,0.05K,-0.51%
11-Mar-14,19.6,19.7,19.7,19.6,8.60K,-0.51%
10-Mar-14,19.7,20,20,19.7,1.20K,-1.50%
7-Mar-14,20,20,20,20,2.00K,0.00%
6-Mar-14,20,20,20,20,0.51K,1.52%
5-Mar-14,19.7,19.7,19.7,19.7,1.00K,-1.50%
4-Mar-14,20,20,20,19.7,3.56K,2.04%
3-Mar-14,19.6,20.1,20.1,19.6,1.80K,-2.97%
28-Feb-14,20.2,19.9,20.2,19.6,12.81K,5.21%
26-Feb-14,19.2,19.2,19.9,19.2,0.01K,0.52%
25-Feb-14,19.1,19.3,19.9,19,10.41K,-0.52%
24-Feb-14,19.2,19.2,19.2,19.2,0.00K,0.52%
21-Feb-14,19.1,19.1,19.1,19.1,-,0.00%
20-Feb-14,19.1,19.5,19.5,19.1,2.33K,-3.54%
19-Feb-14,19.8,20,20,19.8,8.85K,-1.00%
18-Feb-14,20,20.1,20.1,19.9,1.42K,-0.50%
17-Feb-14,20.1,20.3,20.3,20.1,10.81K,-1.47%
13-Feb-14,20.4,20.5,21,20.4,10.71K,-0.49%
12-Feb-14,20.5,20.5,20.5,20.5,2.79K,0.00%
11-Feb-14,20.5,20,20.5,20,0.25K,-0.49%
10-Feb-14,20.6,21.3,21.3,20.5,3.24K,-4.19%
7-Feb-14,21.5,21.2,21.5,21.2,5.21K,0.94%
6-Feb-14,21.3,22,22,21.3,4.85K,0.47%
5-Feb-14,21.2,21.7,21.7,21.1,2.02K,-2.30%
3-Feb-14,21.7,22,22.3,21.7,0.52K,-1.36%
31-Jan-14,22,22.1,22.1,22,12.59K,-0.45%
30-Jan-14,22.1,22.1,22.2,22,4.20K,0.45%
29-Jan-14,22,22,22,22,2.12K,0.00%
28-Jan-14,22,22,22.2,22,60.40K,-0.45%
27-Jan-14,22.1,22.3,23,22,10.94K,-0.90%
24-Jan-14,22.3,22.5,23.5,22.3,1.70K,-0.89%
23-Jan-14,22.5,23.2,23.8,22.3,13.20K,-3.02%
22-Jan-14,23.2,21.9,23.2,21.9,20.99K,5.45%
21-Jan-14,22,21.7,22,21.6,4.80K,-1.35%
20-Jan-14,22.3,22,22.3,21.7,21.19K,1.83%
17-Jan-14,21.9,21.9,21.9,21.9,-,-0.45%
16-Jan-14,22,21.7,22,21.7,2.13K,-1.35%
13-Jan-14,22.3,22.1,22.3,21.2,6.12K,0.00%
10-Jan-14,22.3,21.2,23,21.2,49.36K,1.36%
9-Jan-14,22,21.1,22.2,21.1,16.98K,0.00%
8-Jan-14,22,21,22.2,21,240.79K,2.80%
7-Jan-14,21.4,21.1,21.4,21,1.10K,0.00%
6-Jan-14,21.4,21,21.5,21,62.29K,1.90%
3-Jan-14,21,21.7,22,21,6.55K,0.00%
2-Jan-14,21,21,21.7,21,21.75K,0.00%
31-Dec-13,21,21.1,21.1,21,15.70K,0.00%
30-Dec-13,21,21.4,21.4,21,1.86K,-1.87%
27-Dec-13,21.4,21,21.5,21,19.07K,1.90%
26-Dec-13,21,20.1,21,20.1,184.65K,4.48%
24-Dec-13,20.1,20,21.7,20,12.54K,-0.50%
23-Dec-13,20.2,20.8,20.8,20,17.92K,0.00%
20-Dec-13,20.2,20,20.7,19.1,1.88K,1.00%
19-Dec-13,20,19.7,20.5,19.7,150.88K,5.26%
18-Dec-13,19,19,19,19,-,-4.04%
17-Dec-13,19.8,19.1,19.8,19,13.13K,0.00%
13-Dec-13,19.8,19,19.8,19,2.74K,2.59%
12-Dec-13,19.3,19.3,19.3,19.3,-,-1.03%
11-Dec-13,19.5,19.5,19.5,19,4.10K,-1.02%
10-Dec-13,19.7,19,19.7,19,72.69K,3.68%
9-Dec-13,19,19,19,19,8.00K,0.00%
6-Dec-13,19,19.1,19.1,19,1.10K,0.00%
5-Dec-13,19,19,19,19,2.40K,0.00%
4-Dec-13,19,19.5,20,19,8.11K,-1.55%
3-Dec-13,19.3,19,19.3,19,1.82K,2.66%
2-Dec-13,18.8,18.6,18.9,18.6,0.97K,-2.08%
29-Nov-13,19.2,19,19.2,18.8,6.61K,2.13%
28-Nov-13,18.8,19,19,18.7,9.60K,-0.53%
27-Nov-13,18.9,19.1,19.1,18.9,1.90K,-1.05%
26-Nov-13,19.1,19.3,19.3,19,2.79K,-1.04%
25-Nov-13,19.3,19.5,19.5,19.3,2.01K,-2.03%
22-Nov-13,19.7,19.5,19.8,19.4,4.39K,2.60%
21-Nov-13,19.2,19.9,19.9,19.2,0.32K,-4.00%
20-Nov-13,20,19.7,20,18.8,7.96K,0.50%
19-Nov-13,19.9,20,20,19.8,3.88K,-0.50%
18-Nov-13,20,20.1,20.1,20,4.40K,-1.96%
15-Nov-13,20.4,20.4,20.5,20.4,1.10K,0.00%
14-Nov-13,20.4,20.3,20.5,20.3,0.87K,1.49%
13-Nov-13,20.1,20.1,20.1,20.1,0.30K,-0.99%
12-Nov-13,20.3,20.3,20.3,20.3,-,0.00%
11-Nov-13,20.3,20.7,20.7,20.3,11.65K,0.00%
8-Nov-13,20.3,20.4,20.4,20.1,1.60K,-0.49%
7-Nov-13,20.4,20.8,20.8,20.4,7.10K,-1.92%
6-Nov-13,20.8,20.7,21.6,20.7,7.07K,-0.95%
5-Nov-13,21,21.5,21.5,20.6,7.74K,-2.33%
4-Nov-13,21.5,21.3,21.5,21.3,0.48K,0.94%
1-Nov-13,21.3,21.5,22,21.3,1.51K,0.47%
31-Oct-13,21.2,21.2,21.2,21.2,2.56K,0.47%
30-Oct-13,21.1,21.4,22,21.1,2.56K,-1.86%
29-Oct-13,21.5,21.6,22.2,21.5,1.56K,0.00%
28-Oct-13,21.5,21.5,21.5,21.5,0.80K,-0.46%
25-Oct-13,21.6,21.3,22,21.3,5.98K,-1.82%
24-Oct-13,22,21.6,22.9,21.6,10.72K,1.85%
23-Oct-13,21.6,21.7,21.7,21.3,1.79K,2.86%
22-Oct-13,21,21.5,21.5,21,3.40K,-1.41%
21-Oct-13,21.3,21.5,22,21.3,13.50K,-0.93%
17-Oct-13,21.5,21.5,21.5,21.5,-,0.00%
15-Oct-13,21.5,22.3,22.5,20.8,7.88K,3.86%
14-Oct-13,20.7,22.7,22.7,20.7,2.20K,-7.59%
11-Oct-13,22.4,21.5,22.7,21.4,5.68K,-0.44%
10-Oct-13,22.5,22.3,22.7,21.5,7.87K,-0.88%
9-Oct-13,22.7,21.3,23,20.8,45.00K,6.57%
8-Oct-13,21.3,20,21.4,20,16.81K,1.91%
7-Oct-13,20.9,21,21,20.9,2.68K,5.03%
4-Oct-13,19.9,20.6,21,19.5,1.39K,-2.45%
3-Oct-13,20.4,19.9,20.8,19.9,33.22K,2.51%
2-Oct-13,19.9,19.8,19.9,19.8,10.00K,3.11%
1-Oct-13,19.3,19.5,19.8,19.2,27.33K,0.52%
30-Sep-13,19.2,19.2,19.2,19.2,0.10K,0.00%
27-Sep-13,19.2,19.5,20.5,19.2,9.87K,-1.54%
26-Sep-13,19.5,19.1,19.5,19.1,9.80K,0.00%
25-Sep-13,19.5,19.5,19.5,19.5,1.00K,0.00%
24-Sep-13,19.5,19.1,19.5,19.1,2.29K,2.09%
23-Sep-13,19.1,19.1,19.1,19,1.60K,-3.54%
20-Sep-13,19.8,19.4,19.8,19.3,22.52K,3.66%
18-Sep-13,19.1,18.6,19.1,18.5,10.72K,0.53%
17-Sep-13,19,19.5,19.5,19,1.54K,-3.06%
16-Sep-13,19.6,19.9,19.9,19.6,0.10K,-1.51%
13-Sep-13,19.9,19.9,20.6,19.4,3.36K,2.05%
12-Sep-13,19.5,20,20,19.1,1.92K,-2.50%
11-Sep-13,20,19,21.9,19,13.55K,7.53%
10-Sep-13,18.6,18.9,18.9,18.6,4.54K,1.64%
9-Sep-13,18.3,18.9,18.9,18.3,3.44K,0.00%
6-Sep-13,18.3,18.3,18.5,18.3,2.42K,0.55%
5-Sep-13,18.2,18.2,18.3,18.2,10.87K,0.00%
4-Sep-13,18.2,19.3,19.3,18.2,1.50K,-0.55%
3-Sep-13,18.3,18.5,18.5,18.1,5.42K,-3.68%
2-Sep-13,19,19.5,19.5,19,1.70K,-2.06%
30-Aug-13,19.4,18.9,19.4,18.3,20.55K,2.11%
29-Aug-13,19,19.2,19.3,19,10.92K,0.00%
28-Aug-13,19,18.5,19,18.5,7.36K,2.15%
27-Aug-13,18.6,19.5,19.5,18.4,2.00K,-4.62%
26-Aug-13,19.5,20.6,20.6,19.5,0.90K,-4.41%
23-Aug-13,20.4,20.8,21.7,20.1,13.53K,-5.99%
22-Aug-13,21.7,21,21.7,20.9,3.60K,3.33%
21-Aug-13,21,21.1,21.1,21,17.59K,-0.94%
19-Aug-13,21.2,21.4,22,21.2,17.87K,-0.93%
16-Aug-13,21.4,21.2,21.8,21.1,1.98K,-0.47%
15-Aug-13,21.5,21.5,21.5,21.5,-,0.00%
14-Aug-13,21.5,21.3,21.8,21.2,51.37K,2.38%
13-Aug-13,21,21.5,21.5,21,2.00K,-2.33%
12-Aug-13,21.5,21.6,21.8,21.5,2.20K,-2.27%
8-Aug-13,22,21.5,22,21.5,2.13K,1.85%
7-Aug-13,21.6,21.7,22,21.2,4.09K,0.00%
6-Aug-13,21.6,22.3,22.5,21.6,5.95K,-2.26%
5-Aug-13,22.1,21.8,22.4,21.8,110.11K,1.38%
2-Aug-13,21.8,22,22.9,21.8,6.28K,1.40%
1-Aug-13,21.5,21.9,22,21.5,2.70K,-2.27%
31-Jul-13,22,22,22,22,0.08K,0.00%
30-Jul-13,22,21.2,22,21.2,2.89K,1.38%
29-Jul-13,21.7,22,22.1,21.7,2.49K,-1.81%
26-Jul-13,22.1,22.3,22.3,22.1,8.51K,-0.90%
25-Jul-13,22.3,22.1,22.3,22,20.51K,0.45%
24-Jul-13,22.2,22.3,22.3,21.8,1.01K,0.91%
23-Jul-13,22,22.5,22.5,21.5,9.17K,1.85%
19-Jul-13,21.6,21,22,21,21.08K,3.35%
18-Jul-13,20.9,20.1,22.6,20.1,0.71K,-5.00%
17-Jul-13,22,22.7,22.8,20.5,31.30K,-2.22%
16-Jul-13,22.5,22.6,22.6,22,14.69K,1.35%
15-Jul-13,22.2,22.5,22.5,22.2,3.30K,-0.45%
12-Jul-13,22.3,22.5,22.5,22.2,3.30K,-5.11%
11-Jul-13,23.5,22.8,24.4,22.8,11.79K,6.82%
10-Jul-13,22,22,22,22,0.20K,-3.93%
9-Jul-13,22.9,22,22.9,22,20.02K,3.15%
8-Jul-13,22.2,21.9,22.2,21.6,35.21K,3.26%
5-Jul-13,21.5,22,22,21.5,2.52K,-3.59%
4-Jul-13,22.3,22.1,22.3,22,2.00K,-1.33%
3-Jul-13,22.6,22.4,22.6,22.3,3.15K,0.00%
2-Jul-13,22.6,22.6,22.6,22.6,1.55K,-1.74%
1-Jul-13,23,23,23.5,23,79.05K,-2.13%
28-Jun-13,23.5,22.9,23.5,22.9,2.95K,6.82%
27-Jun-13,22,22.2,22.3,22,5.18K,-0.90%
26-Jun-13,22.2,22.1,22.9,22,56.35K,0.45%
25-Jun-13,22.1,22.6,22.7,22.1,4.70K,0.00%
24-Jun-13,22.1,22.7,22.7,22,5.80K,-3.49%
21-Jun-13,22.9,22.9,22.9,22.7,2.10K,-0.43%
20-Jun-13,23,23.5,23.5,23,1.11K,0.88%
19-Jun-13,22.8,23.5,23.5,22.8,1.40K,0.00%
18-Jun-13,22.8,23,23,22.8,6.97K,-0.87%
17-Jun-13,23,23,23,23,4.10K,0.00%
14-Jun-13,23,23.2,23.2,22.8,0.22K,0.44%
13-Jun-13,22.9,23,23,22.9,1.59K,-0.43%
12-Jun-13,23,23,23,22.9,5.15K,0.00%
11-Jun-13,23,23.8,23.8,23,1.94K,0.00%
10-Jun-13,23,23.2,23.3,23,5.40K,-6.88%
7-Jun-13,24.7,24.9,24.9,23.3,8.34K,-0.80%
6-Jun-13,24.9,25,25,24,7.51K,-0.80%
5-Jun-13,25.1,24.1,25.2,24.1,82.14K,2.87%
4-Jun-13,24.4,24.6,24.6,24.3,3.40K,-2.40%
3-Jun-13,25,24.6,25,24.6,2.55K,-0.40%
31-May-13,25.1,25,25.4,23.7,50.88K,-1.57%
30-May-13,25.5,25.1,26.4,25.1,20.11K,-3.41%
29-May-13,26.4,26.3,26.5,26,7.13K,-0.38%
28-May-13,26.5,26.7,26.7,26.5,0.90K,-1.85%
27-May-13,27,26.6,28,26.6,59.51K,0.00%
23-May-13,27,26.7,27,26.7,7.00K,1.50%
22-May-13,26.6,27.4,27.4,26.5,7.45K,-3.27%
21-May-13,27.5,27,28.1,27,141.52K,1.85%
20-May-13,27,26,27.4,25.6,107.13K,3.85%
17-May-13,26,25.8,26.4,25.5,59.73K,1.56%
16-May-13,25.6,24.5,26,24.5,113.15K,4.49%
15-May-13,24.5,24,24.5,23.8,46.90K,2.94%
14-May-13,23.8,23.7,24.4,23.6,92.35K,0.42%
13-May-13,23.7,23.5,23.7,23.4,12.10K,1.72%
10-May-13,23.3,24,24,23.3,8.30K,-4.90%
9-May-13,24.5,22.5,25,22.5,122.68K,6.99%
8-May-13,22.9,23,24,22.6,42.56K,1.33%
7-May-13,22.6,22.4,23,22.4,9.55K,0.89%
6-May-13,22.4,22.6,22.6,22.4,1.90K,-2.18%
3-May-13,22.9,22,22.9,22,13.89K,4.09%
2-May-13,22,22.1,22.1,22,2.88K,-1.79%
30-Apr-13,22.4,22.4,22.4,22.4,0.62K,0.45%
29-Apr-13,22.3,22.8,23,22.3,3.40K,-2.19%
26-Apr-13,22.8,22.3,23.3,22.3,85.33K,4.11%
24-Apr-13,21.9,21.8,22.4,21.8,45.02K,1.39%
23-Apr-13,21.6,21.4,21.8,21.4,1.95K,2.86%
22-Apr-13,21,21.5,21.5,21,2.17K,-0.94%
19-Apr-13,21.2,21.3,22.4,21.2,9.14K,0.47%
18-Apr-13,21.1,21,22,21,3.44K,0.00%
17-Apr-13,21.1,21.8,21.8,21.1,0.35K,0.48%
16-Apr-13,21,20.8,21,20.8,0.50K,0.48%
12-Apr-13,20.9,20.9,21.5,20.8,5.10K,0.00%
11-Apr-13,20.9,21.4,21.4,20.9,1.23K,-0.95%
10-Apr-13,21.1,21,21.1,21,8.02K,0.48%
9-Apr-13,21,21,21,20.9,3.08K,0.96%
8-Apr-13,20.8,22,22.5,20.7,3.50K,-5.02%
5-Apr-13,21.9,21.3,22,21.3,32.71K,6.31%
4-Apr-13,20.6,20.6,20.6,20.6,0.20K,0.00%
3-Apr-13,20.6,20.5,20.7,20.5,14.32K,-0.96%
2-Apr-13,20.8,20.6,20.8,20.6,34.64K,-5.02%
1-Apr-13,21.9,22.2,22.2,20.7,0.05K,4.29%
28-Mar-13,21,22.5,22.5,21,26.80K,-2.33%
27-Mar-13,21.5,22.7,22.7,21.5,3.14K,-2.27%
25-Mar-13,22,22.1,22.5,21.9,9.67K,-3.08%
22-Mar-13,22.7,22.7,22.7,22.7,0.06K,0.89%
21-Mar-13,22.5,22.2,22.5,22.1,20.97K,-0.88%
20-Mar-13,22.7,22.2,22.7,22.2,15.50K,-0.87%
19-Mar-13,22.9,22.3,22.9,22.2,0.70K,3.15%
18-Mar-13,22.2,22.2,22.2,22.2,1.30K,-3.06%
15-Mar-13,22.9,22.8,23,22.2,702.17K,-0.43%
14-Mar-13,23,22.9,23,22.9,2.00M,0.00%
13-Mar-13,23,22,23,22,220.86K,4.55%
12-Mar-13,22,22,22.1,22,1.10K,0.00%
11-Mar-13,22,22,22.5,22,8.21K,-0.45%
8-Mar-13,22.1,22.1,22.1,22.1,0.30K,0.00%
7-Mar-13,22.1,22.3,22.5,22.1,8.60K,-0.45%
6-Mar-13,22.2,22.3,22.4,22.2,69.50K,-0.45%
5-Mar-13,22.3,22.3,22.3,22.3,1.10K,-3.04%
4-Mar-13,23,22.1,23,22.1,67.58K,3.60%
1-Mar-13,22.2,22.2,22.2,22.1,15.30K,-2.63%
28-Feb-13,22.8,22.2,22.8,22.2,22.05K,-0.87%
27-Feb-13,23,22.2,23,22.2,55.28K,0.00%
26-Feb-13,23,22.2,23,22,107.81K,0.00%
22-Feb-13,23,22.3,23,22.2,88.79K,3.14%
21-Feb-13,22.3,22.3,22.3,22.3,-,0.00%
20-Feb-13,22.3,22.9,22.9,22.3,14.30K,0.00%
19-Feb-13,22.3,22.3,22.3,22.3,5.90K,-3.04%
18-Feb-13,23,22.5,23.5,22,104.47K,2.22%
15-Feb-13,22.5,22.5,22.5,22.5,0.01K,0.90%
14-Feb-13,22.3,22.3,22.3,22.3,1.70K,-0.89%
13-Feb-13,22.5,22.4,22.5,22.4,11.33K,0.00%
12-Feb-13,22.5,23,23,22.5,8.20K,-2.17%
11-Feb-13,23,22.1,23.4,22.1,40.52K,3.60%
8-Feb-13,22.2,22.2,22.2,22.2,1.70K,-3.48%
7-Feb-13,23,22.2,23,22.1,9.70K,0.00%
6-Feb-13,23,22,23.1,22,74.96K,4.55%
5-Feb-13,22,22.9,22.9,22,1.25K,-3.08%
1-Feb-13,22.7,22.1,22.8,22,1.22K,0.89%
31-Jan-13,22.5,22.5,22.9,22,6.78K,1.81%
30-Jan-13,22.1,23,23,22.1,1.01K,-3.91%
29-Jan-13,23,22.4,23.3,22,74.41K,2.68%
28-Jan-13,22.4,22.2,22.4,22.1,1.80K,-2.61%
24-Jan-13,23,22.9,23,22.5,2.00K,0.44%
23-Jan-13,22.9,22.4,22.9,22.4,5.37K,2.23%
22-Jan-13,22.4,22.5,22.5,22.4,5.55K,-4.68%
21-Jan-13,23.5,22.5,23.5,22.5,35.18K,4.44%
18-Jan-13,22.5,23,23,22.5,11.44K,-5.86%
17-Jan-13,23.9,22.2,23.9,22.2,40.27K,7.66%
16-Jan-13,22.2,21.2,22.2,21.2,53.67K,5.21%
15-Jan-13,21.1,22.1,22.1,21.1,27.10K,0.00%
11-Jan-13,21.1,22.1,22.1,21.1,10.10K,-4.52%
10-Jan-13,22.1,22.1,22.1,22.1,2.20K,0.45%
9-Jan-13,22,21,22.3,21,82.98K,7.84%
8-Jan-13,20.4,21.1,21.1,20.4,5.00K,-0.49%
7-Jan-13,20.5,21.4,21.4,20,9.42K,0.00%
4-Jan-13,20.5,20.5,20.5,20.5,-,0.00%
3-Jan-13,20.5,20.9,21.4,20.5,0.60K,1.49%
2-Jan-13,20.2,19.8,20.7,19.8,1.55K,1.00%
31-Dec-12,20,20.6,20.7,20,3.59K,1.52%
28-Dec-12,19.7,19.7,19.8,19.7,1.80K,0.00%
26-Dec-12,19.7,19.7,19.8,19.7,5.20K,0.00%
24-Dec-12,19.7,19.7,19.7,19.7,3.50K,0.51%
21-Dec-12,19.6,19.8,19.8,19.6,1.00K,-1.01%
20-Dec-12,19.8,19.8,19.8,19.8,0.81K,0.00%
19-Dec-12,19.8,20,20,19.8,1.31K,0.00%
18-Dec-12,19.8,20,20,19.8,2.09K,-3.41%
17-Dec-12,20.5,20.1,20.5,20,0.18K,2.50%
14-Dec-12,20,20.3,20.3,20,4.16K,-1.48%
13-Dec-12,20.3,20.5,20.5,20.2,1.40K,-0.98%
12-Dec-12,20.5,19.6,20.8,19.5,4.68K,5.13%
11-Dec-12,19.5,19.3,19.6,19.3,3.99K,0.00%
10-Dec-12,19.5,19.8,19.8,19.5,32.05K,-2.01%
7-Dec-12,19.9,20.2,20.2,19.9,5.57K,-0.50%
6-Dec-12,20,20,20,19.8,3.55K,0.00%
5-Dec-12,20,19.8,20,19.8,1.77K,0.50%
4-Dec-12,19.9,20,20,19.5,15.60K,-0.50%
3-Dec-12,20,20,20,19.8,3.50K,1.52%
30-Nov-12,19.7,20,20,19.7,6.87K,-1.50%
29-Nov-12,20,19.3,20,19.3,1.73K,3.63%
28-Nov-12,19.3,19.5,19.6,19.3,3.71K,-1.03%
26-Nov-12,19.5,19.5,19.5,19,12.04K,0.00%
23-Nov-12,19.5,19.9,19.9,19.4,1.24K,1.04%
22-Nov-12,19.3,19.3,19.3,19.3,4.50K,-2.53%
21-Nov-12,19.8,19.1,19.8,19.1,3.50K,-1.00%
20-Nov-12,20,20.1,20.1,18.6,4.17K,-2.91%
19-Nov-12,20.6,21.5,21.5,20.5,7.12K,-0.96%
16-Nov-12,20.8,22.15,22.15,20.7,4.53K,-6.09%
15-Nov-12,22.15,21.38,22.15,21.19,6.25K,0.00%
14-Nov-12,22.15,21.67,22.15,21.38,0.79K,-1.69%
12-Nov-12,22.53,21.96,22.53,21.76,34.27K,1.30%
9-Nov-12,22.24,22.24,22.24,22.24,-,-1.72%
8-Nov-12,22.63,21.67,22.63,21.67,23.99K,2.17%
7-Nov-12,22.15,22.82,22.92,22.15,4.28K,-2.12%
6-Nov-12,22.63,22.63,22.92,22.15,54.04K,0.00%
5-Nov-12,22.63,22.15,22.63,21.47,33.48K,2.17%
2-Nov-12,22.15,21.76,22.15,21.38,38.07K,1.79%
1-Nov-12,21.76,21.76,21.76,21.47,7.92K,-1.32%
31-Oct-12,22.05,22.63,22.63,22.05,0.75K,0.87%
30-Oct-12,21.86,22.24,22.24,21.86,27.43K,-5.41%
26-Oct-12,23.11,23.01,23.11,22.15,75.50K,0.43%
25-Oct-12,23.01,22.15,23.11,22.15,46.19K,1.23%
24-Oct-12,22.73,22.24,22.73,22.15,17.86K,-0.83%
23-Oct-12,22.92,22.15,23.11,22.15,69.54K,0.84%
22-Oct-12,22.73,22.15,23.11,22.15,112.27K,2.20%
19-Oct-12,22.24,22.24,22.24,22.24,0.10K,-3.76%
18-Oct-12,23.11,22.15,23.11,21.96,65.49K,2.12%
17-Oct-12,22.63,22.15,22.63,22.15,11.16K,0.00%
16-Oct-12,22.63,22.15,22.63,22.15,141.92K,0.00%
15-Oct-12,22.63,22.92,22.92,22.15,1.56K,0.85%
12-Oct-12,22.44,22.15,22.63,22.15,2.09K,-2.09%
11-Oct-12,22.92,22.15,22.92,22.15,1.14K,-0.39%
10-Oct-12,23.01,22.44,23.01,21.76,13.19K,0.83%
9-Oct-12,22.82,23.21,23.21,22.82,1.56K,-0.44%
8-Oct-12,22.92,23.21,23.21,22.82,1.45K,-3.66%
5-Oct-12,23.79,23.11,23.79,23.11,13.40K,5.13%
4-Oct-12,22.63,23.01,23.01,22.63,18.91K,-2.08%
3-Oct-12,23.11,23.11,23.11,23.11,0.10K,0.00%
2-Oct-12,23.11,23.3,23.88,23.11,5.88K,-1.24%
1-Oct-12,23.4,24.07,24.07,23.4,11.51K,-2.78%
28-Sep-12,24.07,23.21,24.17,23.21,18.74K,0.00%
27-Sep-12,24.07,23.11,24.07,23.01,371.73K,5.90%
26-Sep-12,22.73,22.73,22.82,22.73,29.52K,-4.82%
25-Sep-12,23.88,23.01,23.88,22.73,28.51K,3.78%
24-Sep-12,23.01,23.11,23.21,22.92,14.55K,-4.40%
21-Sep-12,24.07,24.07,24.07,23.3,27.30K,-0.41%
20-Sep-12,24.17,24.17,24.17,23.11,95.99K,0.42%
19-Sep-12,24.07,21.67,24.27,21.19,567.83K,8.67%
18-Sep-12,22.15,23.11,23.11,22.15,45.26K,-4.15%
17-Sep-12,23.11,24.07,24.07,22.92,50.17K,-3.22%
14-Sep-12,23.88,24.36,24.36,23.3,101.20K,-1.20%
13-Sep-12,24.17,22.34,25.23,22.34,597.80K,11.54%
12-Sep-12,21.67,21.67,21.67,21.57,2.52K,-0.87%
11-Sep-12,21.86,22.63,22.63,21.67,115.85K,-1.31%
10-Sep-12,22.15,22.53,22.63,22.15,29.71K,-0.85%
7-Sep-12,22.34,21.96,22.63,21.96,37.57K,1.73%
6-Sep-12,21.96,22.53,22.53,21.96,37.56K,-0.86%
5-Sep-12,22.15,21.76,22.63,21.76,126.92K,2.22%
4-Sep-12,21.67,21.76,21.96,21.67,128.70K,0.00%
3-Sep-12,21.67,22.05,22.05,21.67,29.39K,0.00%
30-Aug-12,21.67,21.76,22.05,21.67,44.03K,-0.41%
29-Aug-12,21.76,21.67,21.86,21.67,50.32K,0.00%
28-Aug-12,21.76,21.67,21.86,21.67,70.83K,0.42%
27-Aug-12,21.67,21.76,21.86,21.67,17.40K,-0.41%
24-Aug-12,21.76,21.57,21.76,21.57,28.46K,0.88%
23-Aug-12,21.57,21.57,21.76,21.57,12.00K,-0.46%
22-Aug-12,21.67,21.67,21.76,21.67,28.04K,-0.41%
21-Aug-12,21.76,21.67,21.76,21.67,7.27K,0.42%
20-Aug-12,21.67,21.67,21.76,21.67,12.89K,0.00%
17-Aug-12,21.67,21.76,21.76,21.67,19.50K,0.00%
16-Aug-12,21.67,21.76,21.96,21.67,16.10K,0.00%
15-Aug-12,21.67,21.96,21.96,21.67,8.08K,0.00%
14-Aug-12,21.67,21.47,21.76,21.47,12.66K,0.00%
13-Aug-12,21.67,21.67,21.76,21.47,37.50K,0.46%
10-Aug-12,21.57,21.76,21.76,21.57,17.49K,-0.46%
9-Aug-12,21.67,21.67,21.76,21.57,12.95K,0.93%
8-Aug-12,21.47,21.57,21.67,21.47,56.38K,-1.33%
7-Aug-12,21.76,21.57,21.76,21.57,3.35K,0.42%
6-Aug-12,21.67,21.96,21.96,21.67,6.97K,-1.32%
3-Aug-12,21.96,22.15,22.63,21.57,15.71K,1.81%
2-Aug-12,21.57,21.47,22.05,21.47,36.01K,-0.46%
31-Jul-12,21.67,21.86,22.63,21.67,1.19M,-0.41%
30-Jul-12,21.76,21.76,22.05,21.57,172.66K,1.35%
27-Jul-12,21.47,22.63,23.11,21.19,1.01M,-15.87%
26-Jul-12,25.52,22.63,25.9,21.19,2.22M,14.23%
25-Jul-12,22.34,17.53,22.34,17.53,983.44K,26.79%
24-Jul-12,17.62,17.24,17.62,17.24,9.86K,0.51%
23-Jul-12,17.53,17.62,17.72,17.33,27.99K,-0.51%
20-Jul-12,17.62,17.53,17.62,17.33,27.70K,1.67%
19-Jul-12,17.33,17.33,17.33,17.24,19.30K,1.11%
18-Jul-12,17.14,16.56,17.14,16.56,18.44K,1.72%
17-Jul-12,16.85,16.85,16.85,16.56,7.43K,0.00%
16-Jul-12,16.85,16.66,16.85,16.66,0.96K,0.00%
13-Jul-12,16.85,17.14,17.24,16.47,4.27K,2.93%
12-Jul-12,16.37,16.37,17.04,16.37,23.40K,-2.85%
11-Jul-12,16.85,16.56,16.85,16.37,22.46K,-0.59%
10-Jul-12,16.95,16.47,16.95,16.47,11.08K,-1.11%
9-Jul-12,17.14,16.27,17.14,16.27,4.85K,-0.58%
6-Jul-12,17.24,16.18,17.24,15.99,2.39K,2.31%
5-Jul-12,16.85,16.37,17.14,16.18,10.33K,-0.59%
4-Jul-12,16.95,16.56,17.14,16.37,9.76K,-1.68%
2-Jul-12,17.24,16.56,17.24,16.56,4.67K,-0.52%
29-Jun-12,17.33,16.47,17.33,16.47,4.58K,4.65%
28-Jun-12,16.56,16.47,16.66,16.47,6.78K,-4.44%
27-Jun-12,17.33,16.47,17.33,16.47,6.23K,5.86%
26-Jun-12,16.37,16.95,16.95,16.37,82.60K,-2.85%
25-Jun-12,16.85,16.85,17.33,16.85,0.16K,-1.69%
22-Jun-12,17.14,16.66,17.14,16.56,8.30K,1.72%
21-Jun-12,16.85,17.33,17.33,16.85,3.32K,-5.39%
20-Jun-12,17.81,17.33,17.91,17.33,10.28K,0.51%
19-Jun-12,17.72,16.85,17.72,16.85,10.08K,-1.06%
18-Jun-12,17.91,17.43,17.91,16.18,26.93K,3.89%
15-Jun-12,17.24,16.76,17.81,16.56,37.61K,5.31%
14-Jun-12,16.37,15.7,16.47,15.7,41.76K,3.02%
13-Jun-12,15.89,15.89,15.89,15.79,9.63K,0.63%
12-Jun-12,15.79,15.89,15.89,15.7,37.06K,-0.63%
11-Jun-12,15.89,16.27,16.37,15.89,6.34K,0.63%
8-Jun-12,15.79,16.27,16.27,15.79,8.62K,0.00%
7-Jun-12,15.79,15.89,16.18,15.79,6.23K,0.57%
6-Jun-12,15.7,15.89,15.89,15.7,18.38K,-1.20%
5-Jun-12,15.89,16.37,16.47,15.7,47.73K,-2.93%
1-Jun-12,16.37,15.7,16.37,15.6,9.74K,3.02%
31-May-12,15.89,16.27,16.27,15.6,25.65K,-1.79%
30-May-12,16.18,15.89,16.56,15.89,8.21K,1.19%
29-May-12,15.99,16.85,17.33,15.89,325.13K,-2.91%
28-May-12,16.47,17.43,17.43,16.37,1.80K,-4.96%
25-May-12,17.33,17.72,17.72,16.47,124.41K,-2.20%
24-May-12,17.72,16.66,18.3,16.66,2.27K,6.36%
23-May-12,16.66,17.33,17.33,16.47,8.51K,-8.46%
22-May-12,18.2,16.85,18.49,16.85,12.12K,1.05%
21-May-12,18.01,18.3,18.3,18.01,1.77K,-2.07%
18-May-12,18.39,18.59,18.87,18.39,40.55K,0.49%
17-May-12,18.3,18.78,18.78,18.3,113.97K,2.75%
16-May-12,17.81,16.27,18.3,15.99,72.59K,10.07%
15-May-12,16.18,15.99,16.18,15.89,14.77K,1.19%
14-May-12,15.99,15.99,16.08,15.41,43.67K,0.63%
11-May-12,15.89,15.89,15.99,15.89,29.50K,0.00%
10-May-12,15.89,16.08,16.18,15.79,54.62K,-1.18%
9-May-12,16.08,16.47,16.85,15.99,50.06K,-6.73%
8-May-12,17.24,18.01,18.01,16.66,18.50K,-1.65%
4-May-12,17.53,17.72,18.01,17.33,10.59K,-1.07%
3-May-12,17.72,18.2,18.2,17.72,24.56K,-1.61%
2-May-12,18.01,17.91,18.01,17.81,5.30K,-0.50%
30-Apr-12,18.1,18.68,18.68,18.01,107.48K,-1.09%
27-Apr-12,18.3,17.91,18.68,17.81,10.38K,2.18%
26-Apr-12,17.91,18.01,18.01,17.62,7.48K,-2.13%
25-Apr-12,18.3,18.3,18.3,18.2,5.82K,0.00%
24-Apr-12,18.3,18.3,18.3,18.3,11.16K,0.00%
23-Apr-12,18.3,18.78,18.78,18.3,45.60K,-4.49%
20-Apr-12,19.16,19.55,19.55,18.78,8.84K,-1.49%
19-Apr-12,19.45,18.78,19.45,18.78,4.68K,0.99%
18-Apr-12,19.26,18.78,19.26,18.68,20.04K,2.56%
17-Apr-12,18.78,18.78,18.87,18.78,5.61K,0.00%
16-Apr-12,18.78,18.87,18.87,18.78,2.75K,-1.98%
11-Apr-12,19.16,19.16,19.16,18.68,6.54K,2.02%
10-Apr-12,18.78,18.68,18.78,18.68,3.32K,0.00%
9-Apr-12,18.78,18.68,18.97,18.68,7.16K,0.00%
5-Apr-12,18.78,19.07,19.07,18.78,3.69K,-2.49%
4-Apr-12,19.26,18.87,19.26,18.78,3.84K,2.07%
3-Apr-12,18.87,18.78,18.87,18.78,13.81K,-2.02%
2-Apr-12,19.26,18.78,19.26,18.78,15.45K,2.56%
30-Mar-12,18.78,19.26,19.26,18.78,5.74K,-0.48%
29-Mar-12,18.87,18.87,19.26,18.78,17.24K,0.48%
28-Mar-12,18.78,19.93,19.93,18.78,2.08K,-2.49%
27-Mar-12,19.26,19.74,19.93,18.3,28.46K,-1.48%
26-Mar-12,19.55,19.26,19.55,19.26,8.41K,0.00%
23-Mar-12,19.55,18.78,19.55,18.68,25.03K,2.52%
22-Mar-12,19.07,19.07,19.07,18.49,4.52K,-0.47%
21-Mar-12,19.16,19.26,19.26,18.3,35.75K,0.47%
20-Mar-12,19.07,19.64,19.64,19.07,94.37K,-2.90%
19-Mar-12,19.64,19.74,20.13,19.55,6.96K,-2.87%
16-Mar-12,20.22,19.45,20.61,19.45,2.19K,3.43%
15-Mar-12,19.55,19.74,19.74,19.45,8.36K,-1.91%
14-Mar-12,19.93,19.84,19.93,19.84,14.28K,1.48%
13-Mar-12,19.64,19.84,21.09,19.64,15.84K,-1.95%
12-Mar-12,20.03,21.09,21.09,19.84,10.44K,-4.57%
9-Mar-12,20.99,20.22,21.28,20.22,45.24K,5.32%
8-Mar-12,19.93,20.22,21.28,19.74,3.89K,0.00%
6-Mar-12,19.93,20.61,20.61,19.26,28.14K,-3.30%
5-Mar-12,20.61,20.61,20.7,20.13,20.14K,0.00%
2-Mar-12,20.61,21.19,21.38,20.32,24.46K,-0.91%
1-Mar-12,20.8,22.15,22.15,20.61,11.64K,-0.48%
29-Feb-12,20.9,20.7,21.57,20.7,4.85K,0.97%
28-Feb-12,20.7,21.28,21.67,20.51,44.45K,-4.03%
27-Feb-12,21.57,23.01,23.11,21.28,47.67K,-4.68%
24-Feb-12,22.63,22.63,22.63,22.15,3.90K,-0.83%
23-Feb-12,22.82,23.11,23.21,21.19,112.36K,0.84%
22-Feb-12,22.63,20.22,23.11,20.22,95.02K,11.92%
21-Feb-12,20.22,20.99,20.99,20.22,22.43K,0.00%
17-Feb-12,20.22,21.19,22.44,19.74,63.76K,-7.92%
16-Feb-12,21.96,19.26,21.96,19.26,101.25K,9.64%
15-Feb-12,20.03,19.26,21.19,17.33,124.62K,6.15%
14-Feb-12,18.87,21.76,21.76,18.78,95.85K,-13.68%
13-Feb-12,21.86,23.11,23.21,21.19,38.53K,-5.82%
9-Feb-12,23.21,23.69,24.07,22.92,34.79K,-2.81%
8-Feb-12,23.88,25.13,25.13,23.4,86.40K,-5.72%
6-Feb-12,25.33,25.71,25.81,25.33,12.36K,-1.48%
3-Feb-12,25.71,26,26,25.61,4.57K,-1.12%
2-Feb-12,26,26,27.93,26,57.64K,0.00%
1-Feb-12,26,26.87,27.25,26,31.05K,-1.81%
31-Jan-12,26.48,26,26.48,25.52,50.78K,-1.78%
30-Jan-12,26.96,27.83,27.83,26.48,13.29K,-0.74%
27-Jan-12,27.16,25.13,27.83,25.13,89.93K,8.08%
26-Jan-12,25.13,25.33,26.48,24.84,14.95K,-3.35%
25-Jan-12,26,25.04,26.77,25.04,27.73K,5.86%
24-Jan-12,24.56,27.83,27.83,24.27,77.99K,-8.90%
23-Jan-12,26.96,28.02,28.02,26,37.49K,-4.13%
20-Jan-12,28.12,28.79,28.79,27.93,8.52K,-1.68%
19-Jan-12,28.6,29.18,29.18,28.41,4.78K,-0.66%
18-Jan-12,28.79,29.18,29.37,27.93,30.32K,-2.60%
17-Jan-12,29.56,30.81,31.3,29.08,46.21K,-0.34%
13-Jan-12,29.66,30.33,30.81,29.56,21.29K,-4.35%
12-Jan-12,31.01,29.08,31.1,28.99,36.55K,5.58%
11-Jan-12,29.37,29.27,29.85,28.99,21.91K,-1.31%
10-Jan-12,29.76,29.18,29.76,28.99,13.40K,2.34%
9-Jan-12,29.08,29.47,30.33,29.08,10.39K,-1.32%
6-Jan-12,29.47,29.47,29.47,29.37,4.36K,0.00%
5-Jan-12,29.47,29.66,29.66,29.37,7.06K,-0.64%
4-Jan-12,29.66,30.43,30.43,29.66,8.93K,-2.85%
3-Jan-12,30.53,30.81,30.81,30.53,3.01K,-1.23%
2-Jan-12,30.91,32.16,32.16,30.91,8.20K,-0.93%
30-Dec-11,31.2,30.72,32.16,30.72,161.69K,2.19%
29-Dec-11,30.53,30.81,31.01,30.43,16.20K,-1.55%
28-Dec-11,31.01,30.33,31.01,30.33,10.07K,1.91%
27-Dec-11,30.43,30.33,30.62,30.04,1.25K,0.33%
23-Dec-11,30.33,29.37,31.01,29.37,65.94K,1.61%
22-Dec-11,29.85,28.41,30.81,28.41,103.95K,4.74%
21-Dec-11,28.5,28.5,28.89,27.93,12.77K,-1.35%
20-Dec-11,28.89,28.89,29.37,28.89,6.65K,0.00%
19-Dec-11,28.89,28.6,29.27,28.5,23.78K,1.37%
16-Dec-11,28.5,28.7,28.89,28.5,18.28K,-1.35%
15-Dec-11,28.89,29.37,29.76,28.89,35.10K,-1.30%
14-Dec-11,29.27,29.37,29.47,29.27,18.59K,-1.65%
13-Dec-11,29.76,29.85,29.85,29.37,39.98K,1.33%
12-Dec-11,29.37,29.85,30.43,29.37,272.80K,-1.61%
9-Dec-11,29.85,29.85,29.85,29.08,27.42K,0.30%
8-Dec-11,29.76,29.76,29.85,29.56,14.64K,-0.30%
7-Dec-11,29.85,29.37,30.04,29.37,2.49K,-0.96%
6-Dec-11,30.14,29.66,30.81,29.37,32.92K,1.28%
5-Dec-11,29.76,29.85,29.85,28.89,37.18K,-0.30%
2-Dec-11,29.85,30.81,31.3,29.37,41.23K,-3.43%
1-Dec-11,30.91,30.24,31.97,29.66,65.63K,3.55%
30-Nov-11,29.85,29.37,30.33,28.89,51.20K,5.07%
29-Nov-11,28.41,30.24,31.78,28.41,195.85K,-4.82%
28-Nov-11,29.85,28.41,30.43,28.41,197.20K,5.07%
25-Nov-11,28.41,28.02,28.41,26.1,27.42K,0.71%
24-Nov-11,28.21,28.89,28.89,28.21,35.83K,-2.35%
23-Nov-11,28.89,28.99,30.33,28.89,11.74K,0.00%
22-Nov-11,28.89,30.53,30.53,28.89,29.70K,-5.65%
21-Nov-11,30.62,30.24,31.68,29.27,20.15K,1.93%
18-Nov-11,30.04,28.89,30.14,28.89,73.73K,4.67%
17-Nov-11,28.7,29.37,29.37,28.5,4.88K,1.02%
16-Nov-11,28.41,28.79,29.56,28.31,10.18K,1.72%
15-Nov-11,27.93,29.85,29.85,27.93,50.16K,-6.43%
14-Nov-11,29.85,30.72,31.59,29.76,11.84K,-3.12%
11-Nov-11,30.81,31.1,31.1,30.81,4.36K,0.00%
9-Nov-11,30.81,29.95,31.59,29.76,43.93K,2.22%
8-Nov-11,30.14,30.81,30.81,29.95,33.13K,-1.28%
4-Nov-11,30.53,30.33,30.81,30.33,3.12K,-2.46%
3-Nov-11,31.3,31.3,31.97,30.72,112.15K,1.59%
2-Nov-11,30.81,29.95,31.68,29.76,36.66K,3.22%
1-Nov-11,29.85,30.53,30.53,29.85,122.75K,-1.58%
31-Oct-11,30.33,30.81,31.39,30.33,10.28K,-0.66%
28-Oct-11,30.53,31.2,31.3,30.53,46.00K,-2.74%
27-Oct-11,31.39,31.68,31.68,30.91,4.05K,1.55%
25-Oct-11,30.91,31.78,31.78,30.81,44.03K,-2.74%
24-Oct-11,31.78,31.39,31.97,31.39,59.61K,2.81%
21-Oct-11,30.91,30.81,31.68,30.62,59.09K,1.91%
20-Oct-11,30.33,30.81,31.3,30.33,57.95K,-1.56%
19-Oct-11,30.81,32.55,32.55,30.81,27.31K,-3.05%
18-Oct-11,31.78,31.97,32.26,30.81,51.20K,-0.59%
17-Oct-11,31.97,33.7,33.99,31.78,56.29K,-2.35%
14-Oct-11,32.74,32.26,32.74,32.26,23.16K,1.17%
13-Oct-11,32.36,32.64,33.22,32.36,39.77K,-3.98%
12-Oct-11,33.7,33.22,33.99,32.74,88.06K,0.00%
10-Oct-11,33.7,34.09,34.09,32.74,46.21K,-0.59%
7-Oct-11,33.9,33.61,33.9,33.03,17.97K,1.74%
6-Oct-11,33.32,33.13,33.51,32.84,6.54K,0.00%
5-Oct-11,33.32,33.7,33.7,33.22,7.27K,-1.13%
4-Oct-11,33.7,33.9,34.57,33.22,109.14K,-0.30%
3-Oct-11,33.8,35.15,35.15,33.61,36.35K,-2.23%
30-Sep-11,34.57,33.7,34.57,33.32,82.56K,2.86%
29-Sep-11,33.61,33.22,33.61,32.84,46.32K,1.17%
28-Sep-11,33.22,33.7,34.57,33.13,68.23K,-0.30%
27-Sep-11,33.32,33.03,34.67,33.03,193.26K,-0.27%
26-Sep-11,33.41,33.41,33.61,33.03,84.32K,0.27%
23-Sep-11,33.32,34.67,34.67,33.32,72.80K,-1.71%
22-Sep-11,33.9,34.09,34.67,33.7,1.10M,-0.56%
21-Sep-11,34.09,34.38,34.67,34.09,148.50K,-0.84%
20-Sep-11,34.38,34.86,35.05,33.7,217.77K,-2.19%
16-Sep-11,35.15,35.53,35.82,33.9,63.97K,1.97%
15-Sep-11,34.47,35.15,35.63,34.47,96.89K,-3.26%
14-Sep-11,35.63,35.73,35.82,34.76,85.88K,-1.06%
13-Sep-11,36.01,35.92,36.98,35.92,739.59K,-0.28%
12-Sep-11,36.11,37.56,37.56,36.11,16.93K,0.81%
9-Sep-11,35.82,36.69,37.46,35.63,35.41K,-3.63%
8-Sep-11,37.17,36.69,38.04,36.5,98.45K,-0.27%
7-Sep-11,37.27,36.69,37.36,36.11,212.26K,4.60%
6-Sep-11,35.63,36.59,36.59,35.15,1.71M,-2.62%
5-Sep-11,36.59,35.44,36.88,35.15,364.60K,3.54%
2-Sep-11,35.34,36.21,36.98,35.34,26.17K,-2.13%
1-Sep-11,36.11,34.96,36.59,34.96,164.08K,2.47%
30-Aug-11,35.24,35.05,35.53,34.76,193.67K,1.38%
29-Aug-11,34.76,34.86,35.15,34.76,141.23K,0.00%
26-Aug-11,34.76,36.59,36.59,34.76,70.72K,-0.57%
25-Aug-11,34.96,35.63,35.73,34.67,190.77K,-1.88%
24-Aug-11,35.63,36.11,36.11,34.96,253.28K,-1.85%
23-Aug-11,36.3,36.59,37.07,36.11,448.51K,-0.79%
